"return_year","species","hatchery_adults","wild_adults","total_adults","hatchery_jacks","wild_jacks","total_jacks","adult_plus_jacks","trap_event_rows","first_trap_event","last_trap_event","response_definition"
"1997","Chinook","3815","0","3815","125","0","125","3940","5","1997-09-30","1997-11-10","sum Trap Estimate adult_count across HATCHERY and WILD origins; jacks retained separately"
"1997","Coho","7961","0","7961","10","0","10","7971","10","1997-09-30","1997-11-24","sum Trap Estimate adult_count across HATCHERY and WILD origins; jacks retained separately"
"1998","Chinook","4867","0","4867","24","0","24","4891","19","1998-09-18","1998-11-02","sum Trap Estimate adult_count across HATCHERY and WILD origins; jacks retained separately"
"1998","Coho","3384","0","3384","522","0","522","3906","8","1998-11-02","1998-11-30","sum Trap Estimate adult_count across HATCHERY and WILD origins; jacks retained separately"
"1999","Chinook","2189","0","2189","57","0","57","2246","6","1999-09-27","1999-11-08","sum Trap Estimate adult_count across HATCHERY and WILD origins; jacks retained separately"
"1999","Coho","2963","0","2963","192","0","192","3155","8","1999-09-27","1999-11-08","sum Trap Estimate adult_count across HATCHERY and WILD origins; jacks retained separately"
"2000","Chinook","3686","0","3686","458","0","458","4144","8","2000-09-30","2000-10-23","sum Trap Estimate adult_count across HATCHERY and WILD origins; jacks retained separately"
"2000","Coho","27225","0","27225","65","0","65","27290","14","2000-09-30","2000-11-27","sum Trap Estimate adult_count across HATCHERY and WILD origins; jacks retained separately"
"2001","Chinook","10451","0","10451","287","0","287","10738","9","2001-09-30","2001-11-04","sum Trap Estimate adult_count across HATCHERY and WILD origins; jacks retained separately"
"2001","Coho","35259","0","35259","530","0","530","35789","9","2001-09-30","2001-11-19","sum Trap Estimate adult_count across HATCHERY and WILD origins; jacks retained separately"
"2002","Chinook","5620","0","5620","283","0","283","5903","13","2002-09-30","2002-11-27","sum Trap Estimate adult_count across HATCHERY and WILD origins; jacks retained separately"
"2002","Coho","1284","0","1284","199","0","199","1483","7","2002-09-30","2002-12-03","sum Trap Estimate adult_count across HATCHERY and WILD origins; jacks retained separately"
"2003","Chinook","5742","0","5742","100","0","100","5842","7","2003-09-30","2003-11-04","sum Trap Estimate adult_count across HATCHERY and WILD origins; jacks retained separately"
"2003","Coho","5593","0","5593","50","0","50","5643","8","2003-09-30","2003-12-02","sum Trap Estimate adult_count across HATCHERY and WILD origins; jacks retained separately"
"2004","Chinook","12771","0","12771","262","0","262","13033","9","2004-09-15","2004-11-02","sum Trap Estimate adult_count across HATCHERY and WILD origins; jacks retained separately"
"2004","Coho","20617","0","20617","825","0","825","21442","8","2004-09-22","2004-12-01","sum Trap Estimate adult_count across HATCHERY and WILD origins; jacks retained separately"
"2005","Chinook","6840","0","6840","237","0","237","7077","10","2005-09-27","2005-11-16","sum Trap Estimate adult_count across HATCHERY and WILD origins; jacks retained separately"
"2005","Coho","8704","0","8704","653","0","653","9357","8","2005-10-01","2005-11-22","sum Trap Estimate adult_count across HATCHERY and WILD origins; jacks retained separately"
"2006","Chinook","8913","0","8913","378","0","378","9291","10","2006-09-18","2006-10-24","sum Trap Estimate adult_count across HATCHERY and WILD origins; jacks retained separately"
"2006","Coho","8698","0","8698","47","0","47","8745","9","2006-10-04","2006-11-30","sum Trap Estimate adult_count across HATCHERY and WILD origins; jacks retained separately"
"2007","Chinook","13432","0","13432","51","0","51","13483","18","2007-09-11","2007-11-13","sum Trap Estimate adult_count across HATCHERY and WILD origins; jacks retained separately"
"2007","Coho","3272","0","3272","203","0","203","3475","9","2007-09-19","2007-11-13","sum Trap Estimate adult_count across HATCHERY and WILD origins; jacks retained separately"
"2008","Chinook","3007","0","3007","62","0","62","3069","8","2008-09-10","2008-10-08","sum Trap Estimate adult_count across HATCHERY and WILD origins; jacks retained separately"
"2008","Coho","4175","0","4175","121","0","121","4296","10","2008-09-17","2008-11-19","sum Trap Estimate adult_count across HATCHERY and WILD origins; jacks retained separately"
"2009","Chinook","2280","0","2280","15","0","15","2295","3","2009-09-09","2009-10-14","sum Trap Estimate adult_count across HATCHERY and WILD origins; jacks retained separately"
"2009","Coho","13812","0","13812","55","0","55","13867","6","2009-10-06","2009-11-17","sum Trap Estimate adult_count across HATCHERY and WILD origins; jacks retained separately"
"2010","Chinook","3040","116","3156","14","0","14","3170","13","2010-09-01","2010-11-02","sum Trap Estimate adult_count across HATCHERY and WILD origins; jacks retained separately"
"2010","Coho","346","14","360","203","5","208","568","8","2010-09-28","2010-11-17","sum Trap Estimate adult_count across HATCHERY and WILD origins; jacks retained separately"
"2011","Chinook","2820","134","2954","282","11","293","3247","16","2011-09-07","2011-11-16","sum Trap Estimate adult_count across HATCHERY and WILD origins; jacks retained separately"
"2011","Coho","4606","157","4763","187","4","191","4954","12","2011-09-20","2011-11-17","sum Trap Estimate adult_count across HATCHERY and WILD origins; jacks retained separately"
"2012","Chinook","4190","302","4492","23","2","25","4517","19","2012-09-08","2012-10-30","sum Trap Estimate adult_count across HATCHERY and WILD origins; jacks retained separately"
"2012","Coho","10202","263","10465","150","11","161","10626","17","2012-09-26","2012-11-13","sum Trap Estimate adult_count across HATCHERY and WILD origins; jacks retained separately"
"2013","Chinook","2536","134","2670","37","0","37","2707","9","2013-09-18","2013-11-03","sum Trap Estimate adult_count across HATCHERY and WILD origins; jacks retained separately"
"2013","Coho","10267","70","10337","276","1","277","10614","11","2013-09-24","2013-11-22","sum Trap Estimate adult_count across HATCHERY and WILD origins; jacks retained separately"
"2014","Chinook","1773","100","1873","21","1","22","1895","15","2014-08-21","2014-10-20","sum Trap Estimate adult_count across HATCHERY and WILD origins; jacks retained separately"
"2014","Coho","14799","115","14914","62","15","77","14991","9","2014-09-30","2014-11-05","sum Trap Estimate adult_count across HATCHERY and WILD origins; jacks retained separately"
"2015","Chinook","3130","243","3373","56","6","62","3435","14","2015-09-02","2015-11-19","sum Trap Estimate adult_count across HATCHERY and WILD origins; jacks retained separately"
"2015","Coho","1883","110","1993","16","16","32","2025","10","2015-09-30","2015-11-30","sum Trap Estimate adult_count across HATCHERY and WILD origins; jacks retained separately"
"2016","Chinook","2442","154","2596","15","2","17","2613","19","2016-09-03","2016-10-31","sum Trap Estimate adult_count across HATCHERY and WILD origins; jacks retained separately"
"2016","Coho","3905","19","3924","124","0","124","4048","9","2016-10-10","2016-11-14","sum Trap Estimate adult_count across HATCHERY and WILD origins; jacks retained separately"
"2017","Chinook","3185","136","3321","99","0","99","3420","12","2017-09-11","2017-11-06","sum Trap Estimate adult_count across HATCHERY and WILD origins; jacks retained separately"
"2017","Coho","3465","95","3560","89","2","91","3651","7","2017-10-04","2017-11-06","sum Trap Estimate adult_count across HATCHERY and WILD origins; jacks retained separately"
"2018","Chinook","1739","47","1786","69","2","71","1857","10","2018-09-19","2018-11-05","sum Trap Estimate adult_count across HATCHERY and WILD origins; jacks retained separately"
"2018","Coho","4005","33","4038","196","2","198","4236","11","2018-10-02","2018-11-13","sum Trap Estimate adult_count across HATCHERY and WILD origins; jacks retained separately"
"2019","Chinook","2046","30","2076","106","1","107","2183","13","2019-09-15","2019-11-11","sum Trap Estimate adult_count across HATCHERY and WILD origins; jacks retained separately"
"2019","Coho","6254","104","6358","145","3","148","6506","13","2019-09-30","2019-11-18","sum Trap Estimate adult_count across HATCHERY and WILD origins; jacks retained separately"
"2020","Chinook","2269","34","2303","48","1","49","2352","12","2020-09-13","2020-10-12","sum Trap Estimate adult_count across HATCHERY and WILD origins; jacks retained separately"
"2020","Coho","4085","74","4159","329","10","339","4498","10","2020-09-26","2020-11-15","sum Trap Estimate adult_count across HATCHERY and WILD origins; jacks retained separately"
"2021","Chinook","3953","84","4037","274","4","278","4315","20","2021-09-12","2021-11-15","sum Trap Estimate adult_count across HATCHERY and WILD origins; jacks retained separately"
"2021","Coho","8799","490","9289","224","1","225","9514","11","2021-09-20","2021-11-15","sum Trap Estimate adult_count across HATCHERY and WILD origins; jacks retained separately"
"2022","Chinook","4667","148","4815","402","0","402","5217","17","2022-09-14","2022-11-14","sum Trap Estimate adult_count across HATCHERY and WILD origins; jacks retained separately"
"2022","Coho","6839","17","6856","1162","0","1162","8018","11","2022-10-10","2022-11-17","sum Trap Estimate adult_count across HATCHERY and WILD origins; jacks retained separately"
"2023","Chinook","5737","103","5840","82","0","82","5922","13","2023-09-11","2023-11-06","sum Trap Estimate adult_count across HATCHERY and WILD origins; jacks retained separately"
"2023","Coho","9257","277","9534","276","6","282","9816","10","2023-09-25","2023-11-13","sum Trap Estimate adult_count across HATCHERY and WILD origins; jacks retained separately"
"2024","Chinook","7841","191","8032","222","3","225","8257","15","2024-09-04","2024-10-14","sum Trap Estimate adult_count across HATCHERY and WILD origins; jacks retained separately"
"2024","Coho","5276","148","5424","227","35","262","5686","11","2024-09-19","2024-11-11","sum Trap Estimate adult_count across HATCHERY and WILD origins; jacks retained separately"
"2025","Chinook","4562","154","4716","246","1","247","4963","15","2025-09-12","2025-11-03","sum Trap Estimate adult_count across HATCHERY and WILD origins; jacks retained separately"
"2025","Coho","3647","212","3859","174","8","182","4041","13","2025-09-29","2025-11-17","sum Trap Estimate adult_count across HATCHERY and WILD origins; jacks retained separately"
