feature_id,name,description,response_or_predictor,species,source_id,raw_fields,spatial_unit,temporal_aggregation,life_stage,lag_definition,units,transformation,missing_data_rule,value_status,leakage_risk,included_in_model,rationale
F-001,total_adults,Adult trap returns across hatchery and wild origins,response,both,WDFW-ISSAQUAH-RETURNS,adult_count; event; origin,Issaquah Hatchery,annual sum,adult return,return_year,count,none,never impute,derived_from_observed_events,low,yes,Primary outcome
F-002,wild_adults,Wild-origin adult trap returns,response,both,WDFW-ISSAQUAH-RETURNS,adult_count; event; origin,Issaquah Hatchery,annual sum,adult return,return_year,count,none,never impute,derived_from_observed_events,low,secondary,Origin-specific secondary outcome
F-003,hatchery_adults,Hatchery-origin adult trap returns,response,both,WDFW-ISSAQUAH-RETURNS,adult_count; event; origin,Issaquah Hatchery,annual sum,adult return,return_year,count,none,never impute,derived_from_observed_events,low,secondary,Origin-specific secondary outcome
F-004,adult_plus_jacks,Adults plus separately reported jacks,response,both,WDFW-ISSAQUAH-RETURNS,adult_count; jack_count,Issaquah Hatchery,annual sum,adult return,return_year,count,none,never impute,derived_from_observed_events,low,sensitivity,Jacks treatment sensitivity
F-010,flow_jul_sep_mean_cfs,Mean daily July-September discharge,predictor,both,USGS-12121600-DV-00060,value; date,USGS station 12121600,July-September mean,adult migration,same return year,ft3/s,optional fold-standardization,require 92 days,derived_from_observed_measurements,low,yes,Adult migration flow indicator
F-011,flow_jul_sep_min_cfs,Minimum daily July-September discharge,predictor,both,USGS-12121600-DV-00060,value; date,USGS station 12121600,July-September minimum,adult migration,same return year,ft3/s,optional fold-standardization,require 92 days,derived_from_observed_measurements,low,alternative,Alternative low-flow indicator; do not pair automatically with F-010
F-012,temp_jun_sep_mean_c,Mean June-September grab-sample temperature,predictor,both,KINGCOUNTY-ISSAQUAH-TEMP,value; collect_datetime; site,King County station 0631,June-September sample mean,adult migration,same return year,deg C,optional fold-standardization,minimum 4 samples,derived_from_observed_measurements,medium,yes,Sparse warm-season index rather than continuous temperature
F-020,cohort_flow_water_year_mean_cfs,Cohort-year mean discharge,predictor,both,USGS-12121600-DV-00060,value; date,USGS station 12121600,water-year mean,freshwater cohort,Coho -2; Chinook -4 primary,ft3/s,optional fold-standardization,no imputation,derived_from_observed_measurements,low,yes,Freshwater-condition proxy
F-021,cohort_swe_apr01_inches,Cohort-year April 1 SWE,predictor,both,NRCS-SNOTEL-788-WTEQ,Date; WTEQ,Stampede Pass SNOTEL 788,April 1 value,freshwater cohort,Coho -2; Chinook -4 primary,inches,optional fold-standardization,no imputation,derived_from_observed_measurements,low,yes,Regional snowpack proxy
F-022,cohort_temp_jun_sep_mean_c,Cohort-year warm-season temperature index,predictor,both,KINGCOUNTY-ISSAQUAH-TEMP,value; collect_datetime; site,King County station 0631,June-September sample mean,freshwater cohort,Coho -2; Chinook -4 primary,deg C,optional fold-standardization,minimum 4 samples,derived_from_observed_measurements,low,exploratory,Freshwater-temperature proxy
F-023,marine_pdo_mean,Mean PDO between cohort proxy and adult return,predictor,both,NOAA-PDO-ERSSTV5,Date; PDO,North Pacific,mean of intervening annual PDO values,marine,cohort year +1 through return year -1,index,optional fold-standardization,no imputation,derived_from_observed_measurements,low,yes,Marine-condition proxy
F-030,impervious_pct,Mean fractional impervious surface in basin,predictor,both,LANDUSE-ISSAQUAH-IMPERVIOUS,pixel percent,Issaquah Creek basin,annual mean,watershed context,same or pre-return year,percent,optional fold-standardization,omit until acquired,not_available,low,no,Blocked official raster extraction
F-031,hatchery_releases,Actual cohort-aligned juvenile releases,predictor,both,RMIS-ISSAQUAH-RELEASES,release date; count; species; stage; location,Issaquah program/release locations,cohort sum,hatchery production,species-specific cohort match,count,optional log1p,omit until actual records acquired,not_available,low,no,Blocked authorization; planned targets prohibited as observed substitute
F-032,marine_npgo_mean,Mean NPGO between cohort proxy and adult return,predictor,both,NOAA-NPGO-INDEX,year; month; NPGO,North Pacific,mean of intervening annual NPGO values,marine,cohort year +1 through return year -1,index,optional fold-standardization,no imputation,derived_from_observed_measurements,low,yes,"Second marine-condition proxy (D-020); tested alongside marine_pdo_mean in `ocean_index_ols` and `all_environment_ocean_ridge`, not substituted for it in already-decided models"
F-033,marine_oni_mean,Mean ONI between cohort proxy and adult return,predictor,both,NOAA-ONI-INDEX,SEAS; YR; ANOM,Equatorial Pacific,mean of intervening annual ONI/ANOM values,marine,cohort year +1 through return year -1,index,optional fold-standardization,no imputation,derived_from_observed_measurements,low,yes,"Third marine-condition proxy (D-020); tested alongside marine_pdo_mean in `ocean_index_ols` and `all_environment_ocean_ridge`, not substituted for it in already-decided models"
F-040,primary_thermal_value_c,T2 air-seasonal modeled temperature proxy mean over a frozen biological window,predictor,both,KINGCOUNTY-ISSAQUAH-TEMP; NOAA-SEATAC-GHCND-TEMP,primary_thermal_value_c; analysis_id; exposure_year; primary_return_year,King County station 0631 proxy,window mean,A1-A4 adult migration; A5 Coho juvenile rearing,A1-A4 same return year; A5 return year -2,deg C,none,no imputation,modeled_proxy_primary_t2_window_mean,medium,yes,Phase 7 primary thermal predictor under D-021; T2 excludes flow to avoid mathematical coupling
F-041,sensitivity_thermal_value_c,T1 air-flow-season modeled temperature proxy mean over the identical frozen window,predictor,both,KINGCOUNTY-ISSAQUAH-TEMP; NOAA-SEATAC-GHCND-TEMP; USGS-12121600-DV-00060,sensitivity_thermal_value_c; analysis_id; exposure_year; primary_return_year,King County station 0631 proxy,window mean,A1-A4 adult migration; A5 Coho juvenile rearing,A1-A4 same return year; A5 return year -2,deg C,none,no imputation,modeled_proxy_t1_window_mean,medium,sensitivity,Phase 7 model-form sensitivity under D-021; never substituted as primary after results are seen
F-042,temperature_threshold_count_metrics,Modeled proxy-day threshold counts and warm-spell lengths,predictor,both,KINGCOUNTY-ISSAQUAH-TEMP,exploratory_days_proxy_ge_*; exploratory_longest_proxy_spell_*,King County station 0631 proxy,frozen biological windows,A1-A5 windows,same alignment as corresponding window,days,none,no imputation,modeled_proxy_not_regulatory_exceedance,high,exploratory,Exploratory only under D-021; not observed exceedances or regulatory 7DADMax inputs
F-043,matched_window_mean_usgs_flow_cfs,Mean observed USGS daily discharge over the exact thermal-exposure dates,predictor,both,USGS-12121600-DV-00060,matched_window_mean_usgs_flow_cfs; window_start_date; window_end_date,USGS station 12121600,matched biological-window mean,hydroclimate / adult migration,same exposure dates as A1-A5,ft3/s,optional log and standardization,no imputation,derived_from_observed_usgs_daily_mean_discharge,low,yes,Phase 7 A7 physical predictor and A8 secondary covariate
