analysis_id,analysis_role,species,sensitivity_type,sensitivity_id,sensitivity_metric,n,expected_sign,inference_sidedness,expected_direction_role,primary_spearman_rho,sensitivity_rho,raw_permutation_p,bootstrap_ci_lower,bootstrap_ci_upper,ols_beta,hc3_ci_lower,hc3_ci_upper,percent_difference_per_sd,expected_direction_matched,excluded_return_year,predictor_raw_lag1_rank_autocorrelation,outcome_raw_lag1_rank_autocorrelation,predictor_residual_lag1_autocorrelation,outcome_residual_lag1_autocorrelation,temporal_direction_status,temporal_magnitude_change_pct,circular_shift_status,circular_shift_exact_two_sided_p,inference_status
A2,sensitivity_only,Chinook,alternate_window,window_alternative,spearman_rho,29,negative,two_sided,prespecified_reporting_only_not_pvalue_tail,,-0.3268875502,0.08331916681,-0.6414364593,0.05346534653,-0.2142520646,-0.4591628843,0.03065875525,-19.28550932,True,,,,,,not_applicable,,not_applicable,,descriptive_unadjusted_sensitivity
A4,sensitivity_only,Coho,alternate_window,window_alternative,spearman_rho,29,negative,two_sided,prespecified_reporting_only_not_pvalue_tail,,-0.1753694581,0.3611263887,-0.5485424863,0.2351499611,-0.0608166698,-0.4687049361,0.3470715965,-5.90042631,True,,,,,,not_applicable,,not_applicable,,descriptive_unadjusted_sensitivity
A1,sensitivity_only,Chinook,T1,t1_replacement,spearman_rho,29,negative,two_sided,prespecified_reporting_only_not_pvalue_tail,,-0.3995073892,0.0322696773,-0.6773938207,-0.04870972342,-0.2462607563,-0.4645854255,-0.02793608704,-21.82816396,True,,,,,,not_applicable,,not_applicable,,descriptive_unadjusted_sensitivity
A3,sensitivity_only,Coho,T1,t1_replacement,spearman_rho,29,negative,two_sided,prespecified_reporting_only_not_pvalue_tail,,-0.04729064039,0.8082719173,-0.455187639,0.3683174816,-0.01356686777,-0.4356945696,0.408560834,-1.347525259,True,,,,,,not_applicable,,not_applicable,,descriptive_unadjusted_sensitivity
A5,sensitivity_only,Coho,T1,t1_replacement,spearman_rho,29,negative,two_sided,prespecified_reporting_only_not_pvalue_tail,,-0.1881773399,0.3253767462,-0.5964582197,0.2485750395,-0.09852634159,-0.5509342289,0.3538815457,-9.38281777,True,,,,,,not_applicable,,not_applicable,,descriptive_unadjusted_sensitivity
A1,sensitivity_only,Chinook,jack_inclusive,adults_plus_jacks,spearman_rho,29,negative,two_sided,prespecified_reporting_only_not_pvalue_tail,,-0.3906403941,0.0362696373,-0.6725313543,-0.02280839843,-0.2435800932,-0.4635616085,-0.02359857786,-21.61833048,True,,,,,,not_applicable,,not_applicable,,descriptive_unadjusted_sensitivity
A3,sensitivity_only,Coho,jack_inclusive,adults_plus_jacks,spearman_rho,29,negative,two_sided,prespecified_reporting_only_not_pvalue_tail,,-0.02635792605,0.8928610714,-0.4218498408,0.3745226441,-0.01854718944,-0.4105384694,0.3734440905,-1.837624877,True,,,,,,not_applicable,,not_applicable,,descriptive_unadjusted_sensitivity
A5,sensitivity_only,Coho,jack_inclusive,adults_plus_jacks,spearman_rho,29,negative,two_sided,prespecified_reporting_only_not_pvalue_tail,,-0.1931034483,0.3121468785,-0.5962424306,0.2422761366,-0.1132210375,-0.5339095581,0.3074674832,-10.70467378,True,,,,,,not_applicable,,not_applicable,,descriptive_unadjusted_sensitivity
A1,sensitivity_only,Chinook,extrapolation_exclusion,no_t2_extrapolation_rows,spearman_rho,21,negative,two_sided,prespecified_reporting_only_not_pvalue_tail,,-0.4428571429,0.0459495405,-0.7703848663,0.01380380845,-0.2737412142,-0.5056174469,-0.04186498145,-23.94711361,True,,,,,,not_applicable,,not_applicable,,descriptive_unadjusted_sensitivity
A3,sensitivity_only,Coho,extrapolation_exclusion,no_t2_extrapolation_rows,spearman_rho,23,negative,two_sided,prespecified_reporting_only_not_pvalue_tail,,-0.137385722,0.5302146979,-0.523533071,0.3011762254,-0.0799285095,-0.5763031368,0.4164461178,-7.681765721,True,,,,,,not_applicable,,not_applicable,,descriptive_unadjusted_sensitivity
A5,sensitivity_only,Coho,extrapolation_exclusion,no_t2_extrapolation_rows,spearman_rho,15,negative,two_sided,prespecified_reporting_only_not_pvalue_tail,,0.03571428571,0.9022609774,-0.5217471228,0.5580206275,0.07201152583,-0.5877632515,0.7317863032,7.466773043,False,,,,,,not_applicable,,not_applicable,,descriptive_unadjusted_sensitivity
A1,sensitivity_only,Chinook,cook_exclusion,highest_cook_removed,spearman_rho,28,negative,two_sided,prespecified_reporting_only_not_pvalue_tail,,-0.5030103996,0.006879931201,-0.7209576968,-0.1629583667,-0.2818710719,-0.5027118785,-0.06103026534,-24.56290621,True,1999,,,,,not_applicable,,not_applicable,,descriptive_unadjusted_sensitivity
A3,sensitivity_only,Coho,cook_exclusion,highest_cook_removed,spearman_rho,28,negative,two_sided,prespecified_reporting_only_not_pvalue_tail,,-0.1264540863,0.5195448046,-0.5060706091,0.2727569967,-0.1446913193,-0.5143694588,0.2249868202,-13.471065,True,2014,,,,,not_applicable,,not_applicable,,descriptive_unadjusted_sensitivity
A5,sensitivity_only,Coho,cook_exclusion,highest_cook_removed,spearman_rho,28,negative,two_sided,prespecified_reporting_only_not_pvalue_tail,,-0.2993979201,0.1234187658,-0.6776744101,0.1276515514,-0.2198945813,-0.6071241688,0.1673350062,-19.73965971,True,2010,,,,,not_applicable,,not_applicable,,descriptive_unadjusted_sensitivity
A1,sensitivity_only,Chinook,temporal_sensitivity,temporal_trend_d022,partial_spearman_controlling_linear_year,29,negative,not_applicable_no_unrestricted_pvalue,prespecified_reporting_only_not_pvalue_tail,-0.4004926108,-0.3516647506,,,,,,,,True,,0.4798900419,0.5673138572,0.06048067737,0.5415588211,retained,-12.19195034,triggered_abs_residual_lag1_ge_0_30,0.03448275862,temporal_trend_sensitivity_only
A3,sensitivity_only,Coho,temporal_sensitivity,temporal_trend_d022,partial_spearman_controlling_linear_year,29,negative,not_applicable_no_unrestricted_pvalue,prespecified_reporting_only_not_pvalue_tail,-0.04384776484,-0.01440710707,,,,,,,,True,,0.1148452306,0.01037574181,-0.1611631899,0.01057209665,retained,-67.14289287,not_triggered_below_abs_lag1_0_30,,temporal_trend_sensitivity_only
A5,sensitivity_only,Coho,temporal_sensitivity,temporal_trend_d022,partial_spearman_controlling_linear_year,29,negative,not_applicable_no_unrestricted_pvalue,prespecified_reporting_only_not_pvalue_tail,-0.2019704433,-0.2167209468,,,,,,,,True,,0.6212654808,0.01037574181,0.2898562544,0.01057209665,retained,7.303298074,not_triggered_below_abs_lag1_0_30,,temporal_trend_sensitivity_only
