model_id,analysis_id,family,sensitivity_id,species,year,observed_model_scale,fitted_model_scale,residual_model_scale,externally_studentized_residual,leverage,cooks_distance,cooks_threshold_4_over_n,cooks_flag
A1_t2_primary,A1,primary_salmon_temperature,t2_primary,Chinook,1997,8.246958033,8.342293903,-0.09533587034,-0.1836742681,0.0345753634,0.0006265305901,0.1379310345,False
A1_t2_primary,A1,primary_salmon_temperature,t2_primary,Chinook,1998,8.490438454,8.33965087,0.1507875844,0.2907857186,0.0345399279,0.001565609938,0.1379310345,False
A1_t2_primary,A1,primary_salmon_temperature,t2_primary,Chinook,1999,7.691656823,8.612323799,-0.9206669766,-1.94689546,0.08301533908,0.1555030622,0.1379310345,True
A1_t2_primary,A1,primary_salmon_temperature,t2_primary,Chinook,2000,8.212568398,8.772667816,-0.560099418,-1.182409481,0.153785232,0.1251939334,0.1379310345,False
A1_t2_primary,A1,primary_salmon_temperature,t2_primary,Chinook,2001,9.254548627,8.719807151,0.5347414753,1.107957529,0.1269959932,0.08854109625,0.1379310345,False
A1_t2_primary,A1,primary_salmon_temperature,t2_primary,Chinook,2002,8.634264863,8.577523862,0.05674100133,0.1114415396,0.07178972668,0.000498497701,0.1379310345,False
A1_t2_primary,A1,primary_salmon_temperature,t2_primary,Chinook,2003,8.655737001,8.32379267,0.3319443307,0.6441666981,0.03450590981,0.007579217405,0.1379310345,False
A1_t2_primary,A1,primary_salmon_temperature,t2_primary,Chinook,2004,9.455010554,8.558582123,0.8964284304,1.869224791,0.06629923202,0.1135596171,0.1379310345,False
A1_t2_primary,A1,primary_salmon_temperature,t2_primary,Chinook,2005,8.830689199,8.595584589,0.2351046099,0.4649750776,0.07743164905,0.009344225369,0.1379310345,False
A1_t2_primary,A1,primary_salmon_temperature,t2_primary,Chinook,2006,9.095378354,8.444491188,0.6508871651,1.298502659,0.04246755821,0.03646374932,0.1379310345,False
A1_t2_primary,A1,primary_salmon_temperature,t2_primary,Chinook,2007,9.505469645,8.540080891,0.9653887544,2.028771915,0.06135810574,0.1206080113,0.1379310345,False
A1_t2_primary,A1,primary_salmon_temperature,t2_primary,Chinook,2008,8.009030685,8.52730623,-0.518275545,-1.030730408,0.05818958135,0.0327445703,0.1379310345,False
A1_t2_primary,A1,primary_salmon_temperature,t2_primary,Chinook,2009,7.732369222,8.350663508,-0.6182942859,-1.224379675,0.03474368203,0.02648991787,0.1379310345,False
A1_t2_primary,A1,primary_salmon_temperature,t2_primary,Chinook,2010,8.057377489,8.499994886,-0.4426173979,-0.872528558,0.05208191837,0.02110094614,0.1379310345,False
A1_t2_primary,A1,primary_salmon_temperature,t2_primary,Chinook,2011,7.99125393,8.215868813,-0.2246148829,-0.4358107884,0.04240625479,0.004335547864,0.1379310345,False
A1_t2_primary,A1,primary_salmon_temperature,t2_primary,Chinook,2012,8.410275909,8.332162275,0.0781136336,0.1504548033,0.03448571158,0.0004194450484,0.1379310345,False
A1_t2_primary,A1,primary_salmon_temperature,t2_primary,Chinook,2013,7.890208213,7.952446499,-0.06223828624,-0.125638445,0.1212346532,0.001130045136,0.1379310345,False
A1_t2_primary,A1,primary_salmon_temperature,t2_primary,Chinook,2014,7.535830463,8.022927386,-0.4870969231,-0.984833737,0.09186570985,0.04911155313,0.1379310345,False
A1_t2_primary,A1,primary_salmon_temperature,t2_primary,Chinook,2015,8.123854263,8.419822878,-0.295968615,-0.5748922898,0.03939837134,0.006949964117,0.1379310345,False
A1_t2_primary,A1,primary_salmon_temperature,t2_primary,Chinook,2016,7.862112212,8.256835828,-0.3947236163,-0.7698574879,0.03773762752,0.01179976663,0.1379310345,False
A1_t2_primary,A1,primary_salmon_temperature,t2_primary,Chinook,2017,8.10832229,8.003104637,0.1052176536,0.2099363377,0.09951446276,0.002524698688,0.1379310345,False
A1_t2_primary,A1,primary_salmon_temperature,t2_primary,Chinook,2018,7.488293515,8.254192795,-0.7658992796,-1.543421469,0.03797717151,0.04472957712,0.1379310345,False
A1_t2_primary,A1,primary_salmon_temperature,t2_primary,Chinook,2019,7.638679824,8.079752601,-0.4410727767,-0.8792379418,0.07259056901,0.03051106044,0.1379310345,False
A1_t2_primary,A1,primary_salmon_temperature,t2_primary,Chinook,2020,7.742402022,7.967423688,-0.2250216659,-0.4541638135,0.1144877338,0.01373782808,0.1379310345,False
A1_t2_primary,A1,primary_salmon_temperature,t2_primary,Chinook,2021,8.303504799,8.436562089,-0.1330572898,-0.2574200319,0.04140024091,0.001482194487,0.1379310345,False
A1_t2_primary,A1,primary_salmon_temperature,t2_primary,Chinook,2022,8.479698987,7.886370668,0.5933283188,1.257067363,0.1542605402,0.1410819404,0.1379310345,True
A1_t2_primary,A1,primary_salmon_temperature,t2_primary,Chinook,2023,8.672657294,8.159484103,0.5131731905,1.016802593,0.05217322385,0.02841955385,0.1379310345,False
A1_t2_primary,A1,primary_salmon_temperature,t2_primary,Chinook,2024,8.991313336,8.359033113,0.6322802227,1.253904811,0.0349972821,0.02791875518,0.1379310345,False
A1_t2_primary,A1,primary_salmon_temperature,t2_primary,Chinook,2025,8.458928283,8.018081825,0.4408464584,0.889251843,0.09369122874,0.04119275993,0.1379310345,False
A3_t2_primary,A3,primary_salmon_temperature,t2_primary,Coho,1997,8.982435504,8.68919883,0.2932366732,0.3161390902,0.05016666396,0.00273035053,0.1379310345,False
A3_t2_primary,A3,primary_salmon_temperature,t2_primary,Coho,1998,8.127109185,8.677320767,-0.5502115816,-0.591498324,0.0355969739,0.006616325146,0.1379310345,False
A3_t2_primary,A3,primary_salmon_temperature,t2_primary,Coho,1999,7.994294986,8.693538892,-0.6992439055,-0.7646721567,0.05969956328,0.01885196787,0.1379310345,False
A3_t2_primary,A3,primary_salmon_temperature,t2_primary,Coho,2000,10.21192768,8.677183712,1.534743966,1.730686597,0.03552734049,0.05137077977,0.1379310345,False
A3_t2_primary,A3,primary_salmon_temperature,t2_primary,Coho,2001,10.47050446,8.704229149,1.766275307,2.103720659,0.09278954509,0.200845072,0.1379310345,True
A3_t2_primary,A3,primary_salmon_temperature,t2_primary,Coho,2002,7.158513997,8.695137862,-1.536623865,-1.762079911,0.06377958867,0.09811198979,0.1379310345,False
A3_t2_primary,A3,primary_salmon_temperature,t2_primary,Coho,2003,8.629449874,8.657219429,-0.02776955529,-0.02986924005,0.04938334729,2.406406381e-05,0.1379310345,False
A3_t2_primary,A3,primary_salmon_temperature,t2_primary,Coho,2004,9.93391976,8.688285133,1.245634627,1.387852744,0.04844681044,0.04740692965,0.1379310345,False
A3_t2_primary,A3,primary_salmon_temperature,t2_primary,Coho,2005,9.071652852,8.681523774,0.3901290782,0.4187130878,0.0388232745,0.003652277321,0.1379310345,False
A3_t2_primary,A3,primary_salmon_temperature,t2_primary,Coho,2006,9.070963356,8.683990756,0.3869725991,0.4159300181,0.04170100779,0.003882990692,0.1379310345,False
A3_t2_primary,A3,primary_salmon_temperature,t2_primary,Coho,2007,8.093462275,8.719213783,-0.6257515081,-0.7241236784,0.1621798331,0.05166072206,0.1379310345,False
A3_t2_primary,A3,primary_salmon_temperature,t2_primary,Coho,2008,8.33710913,8.695046492,-0.3579373627,-0.3890207656,0.06353820662,0.005300664617,0.1379310345,False
A3_t2_primary,A3,primary_salmon_temperature,t2_primary,Coho,2009,9.533365457,8.678736998,0.8546284591,0.9280402239,0.03644807328,0.01637345993,0.1379310345,False
A3_t2_primary,A3,primary_salmon_temperature,t2_primary,Coho,2010,5.888877958,8.66973708,-2.780859122,-3.651705485,0.03512114776,0.1665875471,0.1379310345,True
A3_t2_primary,A3,primary_salmon_temperature,t2_primary,Coho,2011,8.46884293,8.671792899,-0.2029499686,-0.2168060709,0.03457052348,0.000872377099,0.1379310345,False
A3_t2_primary,A3,primary_salmon_temperature,t2_primary,Coho,2012,9.255887187,8.66653914,0.5893480467,0.6346635401,0.03698242867,0.007909192306,0.1379310345,False
A3_t2_primary,A3,primary_salmon_temperature,t2_primary,Coho,2013,9.243581706,8.687280066,0.5563016395,0.6016468043,0.04667029988,0.009074787359,0.1379310345,False
A3_t2_primary,A3,primary_salmon_temperature,t2_primary,Coho,2014,9.610122697,8.605412799,1.004709898,1.307274245,0.3076974446,0.370062275,0.1379310345,True
A3_t2_primary,A3,primary_salmon_temperature,t2_primary,Coho,2015,7.597897951,8.644336299,-1.046438348,-1.176500569,0.08363182863,0.062275945,0.1379310345,False
A3_t2_primary,A3,primary_salmon_temperature,t2_primary,Coho,2016,8.27512163,8.657219429,-0.3820977988,-0.4123230424,0.04938334729,0.004555963043,0.1379310345,False
A3_t2_primary,A3,primary_salmon_temperature,t2_primary,Coho,2017,8.177796683,8.672752281,-0.4949555978,-0.5311054016,0.03448655796,0.005175199723,0.1379310345,False
A3_t2_primary,A3,primary_salmon_temperature,t2_primary,Coho,2018,8.303752416,8.66991982,-0.3661674043,-0.3920651066,0.03505173385,0.002882187569,0.1379310345,False
A3_t2_primary,A3,primary_salmon_temperature,t2_primary,Coho,2019,8.757626411,8.69568608,0.06194033099,0.06719140559,0.06524884972,0.0001636022678,0.1379310345,False
A3_t2_primary,A3,primary_salmon_temperature,t2_primary,Coho,2020,8.333270353,8.640316031,-0.307045678,-0.3398639256,0.09838324817,0.006515453091,0.1379310345,False
A3_t2_primary,A3,primary_salmon_temperature,t2_primary,Coho,2021,9.136693832,8.690569376,0.4461244557,0.4828977907,0.05293366554,0.006707252656,0.1379310345,False
A3_t2_primary,A3,primary_salmon_temperature,t2_primary,Coho,2022,8.833025307,8.61802182,0.2150034872,0.2548459421,0.215270347,0.009227764955,0.1379310345,False
A3_t2_primary,A3,primary_salmon_temperature,t2_primary,Coho,2023,9.162724518,8.659640727,0.5030837915,0.5429683503,0.04516265201,0.007159170802,0.1379310345,False
A3_t2_primary,A3,primary_salmon_temperature,t2_primary,Coho,2024,8.598773178,8.667589892,-0.06881671362,-0.07351978188,0.0362359408,0.0001054987658,0.1379310345,False
A3_t2_primary,A3,primary_salmon_temperature,t2_primary,Coho,2025,8.258422462,8.659686411,-0.401263949,-0.4321690551,0.04508975621,0.004546471795,0.1379310345,False
A5_t2_primary,A5,primary_salmon_temperature,t2_primary,Coho,1997,8.982435504,8.679991278,0.3024442259,0.3251295731,0.03467282098,0.001963477201,0.1379310345,False
A5_t2_primary,A5,primary_salmon_temperature,t2_primary,Coho,1998,8.127109185,8.733228338,-0.6061191531,-0.6604770239,0.04860361568,0.01138037987,0.1379310345,False
A5_t2_primary,A5,primary_salmon_temperature,t2_primary,Coho,1999,7.994294986,8.721120913,-0.7268259268,-0.7927585381,0.04349662844,0.01448900506,0.1379310345,False
A5_t2_primary,A5,primary_salmon_temperature,t2_primary,Coho,2000,10.21192768,8.681949832,1.529977846,1.733805749,0.03479431073,0.05043522172,0.1379310345,False
A5_t2_primary,A5,primary_salmon_temperature,t2_primary,Coho,2001,10.47050446,8.840414662,1.630089794,1.993552183,0.1435982227,0.3001319017,0.1379310345,True
A5_t2_primary,A5,primary_salmon_temperature,t2_primary,Coho,2002,7.158513997,8.810502199,-1.651988202,-1.977616439,0.1080888441,0.2139177004,0.1379310345,True
A5_t2_primary,A5,primary_salmon_temperature,t2_primary,Coho,2003,8.629449874,8.852522087,-0.2230722131,-0.2568686554,0.1599518112,0.006506791228,0.1379310345,False
A5_t2_primary,A5,primary_salmon_temperature,t2_primary,Coho,2004,9.93391976,8.762250549,1.171669211,1.319651271,0.06549273365,0.05939268326,0.1379310345,False
A5_t2_primary,A5,primary_salmon_temperature,t2_primary,Coho,2005,9.071652852,8.653105672,0.4185471806,0.4510987815,0.03602435134,0.003917852152,0.1379310345,False
A5_t2_primary,A5,primary_salmon_temperature,t2_primary,Coho,2006,9.070963356,8.662898442,0.4080649135,0.4394535621,0.03488038139,0.003597266428,0.1379310345,False
A5_t2_primary,A5,primary_salmon_temperature,t2_primary,Coho,2007,8.093462275,8.750321174,-0.6568588996,-0.7203592728,0.05775670314,0.0161925638,0.1379310345,False
A5_t2_primary,A5,primary_salmon_temperature,t2_primary,Coho,2008,8.33710913,8.666281399,-0.3291722695,-0.35399264,0.0346587291,0.002324837101,0.1379310345,False
A5_t2_primary,A5,primary_salmon_temperature,t2_primary,Coho,2009,9.533365457,8.710793992,0.8225714649,0.8985785952,0.04004266786,0.01696139555,0.1379310345,False
A5_t2_primary,A5,primary_salmon_temperature,t2_primary,Coho,2010,5.888877958,8.780055586,-2.891177628,-4.058990797,0.07910026646,0.4497777414,0.1379310345,True
A5_t2_primary,A5,primary_salmon_temperature,t2_primary,Coho,2011,8.46884293,8.614824842,-0.1459819115,-0.1577532822,0.04766112848,0.0006460625222,0.1379310345,False
A5_t2_primary,A5,primary_salmon_temperature,t2_primary,Coho,2012,9.255887187,8.793587414,0.4622997728,0.5137174178,0.0910929411,0.01359528417,0.1379310345,False
A5_t2_primary,A5,primary_salmon_temperature,t2_primary,Coho,2013,9.243581706,8.743199159,0.5003825465,0.5452761764,0.05366644187,0.008655930971,0.1379310345,False
A5_t2_primary,A5,primary_salmon_temperature,t2_primary,Coho,2014,9.610122697,8.741952807,0.8681698903,0.9567731029,0.05299125339,0.0256921713,0.1379310345,False
A5_t2_primary,A5,primary_salmon_temperature,t2_primary,Coho,2015,7.597897951,8.541468089,-0.9435701387,-1.072419441,0.1018444072,0.06484515939,0.1379310345,False
A5_t2_primary,A5,primary_salmon_temperature,t2_primary,Coho,2016,8.27512163,8.562478033,-0.2873564027,-0.3167478174,0.08204399137,0.004638098389,0.1379310345,False
A5_t2_primary,A5,primary_salmon_temperature,t2_primary,Coho,2017,8.177796683,8.513692231,-0.3358955481,-0.3813711118,0.1332969603,0.01155003394,0.1379310345,False
A5_t2_primary,A5,primary_salmon_temperature,t2_primary,Coho,2018,8.303752416,8.628000569,-0.3242481538,-0.3500795422,0.04236808252,0.002802152497,0.1379310345,False
A5_t2_primary,A5,primary_salmon_temperature,t2_primary,Coho,2019,8.757626411,8.564792688,0.1928337235,0.2121040839,0.08007278455,0.002029734014,0.1379310345,False
A5_t2_primary,A5,primary_salmon_temperature,t2_primary,Coho,2020,8.333270353,8.571558602,-0.2382882486,-0.2614349199,0.0745499955,0.002851294698,0.1379310345,False
A5_t2_primary,A5,primary_salmon_temperature,t2_primary,Coho,2021,9.136693832,8.566395141,0.5702986907,0.6310703425,0.07873254131,0.01740534815,0.1379310345,False
A5_t2_primary,A5,primary_salmon_temperature,t2_primary,Coho,2022,8.833025307,8.603607669,0.2294176387,0.2488221324,0.05323266239,0.001803185569,0.1379310345,False
A5_t2_primary,A5,primary_salmon_temperature,t2_primary,Coho,2023,9.162724518,8.589007538,0.5737169799,0.6291196075,0.06195203846,0.01336891242,0.1379310345,False
A5_t2_primary,A5,primary_salmon_temperature,t2_primary,Coho,2024,8.598773178,8.578146466,0.02062671285,0.02253963911,0.06951505089,1.970676525e-05,0.1379310345,False
A5_t2_primary,A5,primary_salmon_temperature,t2_primary,Coho,2025,8.258422462,8.598978359,-0.3405558965,-0.3703997232,0.05581763397,0.004189205063,0.1379310345,False
A6_frozen_primary,A6,mechanism,frozen_primary,not_applicable,1997,4.21486459,3.676157615,0.538706975,2.537831711,0.2849962511,1.068320335,0.1379310345,True
A6_frozen_primary,A6,mechanism,frozen_primary,not_applicable,1998,3.339570174,3.410864355,-0.07129418093,-0.2591308426,0.03483068986,0.001254980634,0.1379310345,False
A6_frozen_primary,A6,mechanism,frozen_primary,not_applicable,1999,3.772255063,3.565193607,0.207061456,0.7985112952,0.1238633597,0.04568477443,0.1379310345,False
A6_frozen_primary,A6,mechanism,frozen_primary,not_applicable,2000,3.311418542,3.485478084,-0.1740595419,-0.6447356166,0.05825303717,0.01314073258,0.1379310345,False
A6_frozen_primary,A6,mechanism,frozen_primary,not_applicable,2001,3.430464879,3.340076971,0.0903879085,0.3308138007,0.04656525075,0.002763595367,0.1379310345,False
A6_frozen_primary,A6,mechanism,frozen_primary,not_applicable,2002,3.280836025,3.541597812,-0.2607617873,-0.9989066259,0.1000741267,0.05548428816,0.1379310345,False
A6_frozen_primary,A6,mechanism,frozen_primary,not_applicable,2003,2.847812143,3.364948214,-0.5171360705,-2.023664022,0.03867480126,0.07390450083,0.1379310345,False
A6_frozen_primary,A6,mechanism,frozen_primary,not_applicable,2004,3.566457551,3.405762562,0.160694989,0.5870953143,0.03457086257,0.006324815597,0.1379310345,False
A6_frozen_primary,A6,mechanism,frozen_primary,not_applicable,2005,3.311382077,3.221460273,0.08992180432,0.3466661536,0.140346801,0.01014050921,0.1379310345,False
A6_frozen_primary,A6,mechanism,frozen_primary,not_applicable,2006,3.33345373,3.473999049,-0.1405453194,-0.5174916199,0.05225868841,0.007589015576,0.1379310345,False
A6_frozen_primary,A6,mechanism,frozen_primary,not_applicable,2007,3.141476288,3.421705666,-0.2802293785,-1.038724758,0.03595304566,0.02006043876,0.1379310345,False
A6_frozen_primary,A6,mechanism,frozen_primary,not_applicable,2008,3.383983401,3.551801399,-0.1678179983,-0.6393157952,0.1099105511,0.02580019218,0.1379310345,False
A6_frozen_primary,A6,mechanism,frozen_primary,not_applicable,2009,3.189034983,3.426169735,-0.2371347525,-0.8741742735,0.03664059788,0.01466054346,0.1379310345,False
A6_frozen_primary,A6,mechanism,frozen_primary,not_applicable,2010,3.899383462,3.297349451,0.6020340112,2.474072898,0.06964939694,0.1925927416,0.1379310345,True
A6_frozen_primary,A6,mechanism,frozen_primary,not_applicable,2011,3.730237305,3.371325456,0.3589118493,1.349430217,0.03730904244,0.03424441085,0.1379310345,False
A6_frozen_primary,A6,mechanism,frozen_primary,not_applicable,2012,3.718001268,3.466984083,0.2510171847,0.9332102991,0.04902347782,0.02255512427,0.1379310345,False
A6_frozen_primary,A6,mechanism,frozen_primary,not_applicable,2013,3.743083508,3.373238628,0.3698448798,1.393279736,0.03695164113,0.03598740652,0.1379310345,False
A6_frozen_primary,A6,mechanism,frozen_primary,not_applicable,2014,3.478868047,3.376427249,0.1024407983,0.3731584487,0.0364096403,0.002717385114,0.1379310345,False
A6_frozen_primary,A6,mechanism,frozen_primary,not_applicable,2015,3.189858876,3.164065097,0.02579377914,0.1041121316,0.2190528167,0.001578008208,0.1379310345,False
A6_frozen_primary,A6,mechanism,frozen_primary,not_applicable,2016,3.382863675,3.396834423,-0.01397074805,-0.05070821158,0.03452940865,4.774458808e-05,0.1379310345,False
A6_frozen_primary,A6,mechanism,frozen_primary,not_applicable,2017,3.364775415,3.405124837,-0.04034942236,-0.1465070108,0.03455045947,0.0003985135553,0.1379310345,False
A6_frozen_primary,A6,mechanism,frozen_primary,not_applicable,2018,3.145745836,3.373876352,-0.2281305166,-0.8401501646,0.03683787416,0.0136469727,0.1379310345,False
A6_frozen_primary,A6,mechanism,frozen_primary,not_applicable,2019,3.513364679,3.316481176,0.1968835024,0.7307427919,0.05782392426,0.0166738488,0.1379310345,False
A6_frozen_primary,A6,mechanism,frozen_primary,not_applicable,2020,3.407808811,3.373876352,0.03393245877,0.1233386896,0.03683787416,0.0003019257926,0.1379310345,False
A6_frozen_primary,A6,mechanism,frozen_primary,not_applicable,2021,3.113115229,3.473361325,-0.3602460957,-1.365967002,0.05195116135,0.04953431856,0.1379310345,False
A6_frozen_primary,A6,mechanism,frozen_primary,not_applicable,2022,3.455654001,3.345816488,0.1098375123,0.4019391799,0.04438211859,0.00387181554,0.1379310345,False
A6_frozen_primary,A6,mechanism,frozen_primary,not_applicable,2023,3.074543454,3.373238628,-0.2986951743,-1.110915288,0.03695164113,0.02347295364,0.1379310345,False
A6_frozen_primary,A6,mechanism,frozen_primary,not_applicable,2024,3.254513202,3.308828486,-0.05431528347,-0.2001810351,0.06226430598,0.001379418817,0.1379310345,False
A6_frozen_primary,A6,mechanism,frozen_primary,not_applicable,2025,3.022422889,3.315205728,-0.2927828389,-1.100890027,0.05853715387,0.03738438621,0.1379310345,False
A7_frozen_primary,A7,mechanism,frozen_primary,not_applicable,1995,14.592,14.90474169,-0.3127416928,-0.6716945754,0.06763292162,0.01667948806,0.1290322581,False
A7_frozen_primary,A7,mechanism,frozen_primary,not_applicable,1996,14.293,14.65122056,-0.3582205629,-0.7567932394,0.0322632665,0.009689955224,0.1290322581,False
A7_frozen_primary,A7,mechanism,frozen_primary,not_applicable,1997,14.361,14.1764863,0.1845136959,0.4157010735,0.160957593,0.0170619131,0.1290322581,False
A7_frozen_primary,A7,mechanism,frozen_primary,not_applicable,1998,14.581,14.68144186,-0.10044186,-0.2102710771,0.03267469994,0.0007721876849,0.1290322581,False
A7_frozen_primary,A7,mechanism,frozen_primary,not_applicable,1999,13.691,14.42739308,-0.7363930754,-1.636783592,0.06127629731,0.08265387181,0.1290322581,False
A7_frozen_primary,A7,mechanism,frozen_primary,not_applicable,2000,13.859,14.56675269,-0.7077526908,-1.545454408,0.03657529714,0.04326555006,0.1290322581,False
A7_frozen_primary,A7,mechanism,frozen_primary,not_applicable,2001,13.623,14.54054443,-0.9175444273,-2.06806784,0.03954862816,0.07911552754,0.1290322581,False
A7_frozen_primary,A7,mechanism,frozen_primary,not_applicable,2002,14.13,14.74960469,-0.6196046861,-1.340291546,0.03738368706,0.03394938795,0.1290322581,False
A7_frozen_primary,A7,mechanism,frozen_primary,not_applicable,2003,14.743,15.06859505,-0.3255950528,-0.724473708,0.1290509447,0.03953285155,0.1290322581,False
A7_frozen_primary,A7,mechanism,frozen_primary,not_applicable,2004,14.688,14.65978615,0.02821385442,0.05900950291,0.0322752945,6.013374649e-05,0.1290322581,False
A7_frozen_primary,A7,mechanism,frozen_primary,not_applicable,2005,14.197,14.75237214,-0.5553721382,-1.194039346,0.03768554936,0.02751286872,0.1290322581,False
A7_frozen_primary,A7,mechanism,frozen_primary,not_applicable,2006,14.669,14.54202938,0.1269706225,0.2668595949,0.03935946111,0.001507164601,0.1290322581,False
A7_frozen_primary,A7,mechanism,frozen_primary,not_applicable,2007,14.419,14.89063301,-0.4716330054,-1.02131917,0.06376011837,0.03546582638,0.1290322581,False
A7_frozen_primary,A7,mechanism,frozen_primary,not_applicable,2008,14.03,14.53878213,-0.5087821291,-1.090658206,0.03977635291,0.02447770669,0.1290322581,False
A7_frozen_primary,A7,mechanism,frozen_primary,not_applicable,2009,14.958,14.83642864,0.1215713576,0.2570462612,0.05096886962,0.001833299759,0.1290322581,False
A7_frozen_primary,A7,mechanism,frozen_primary,not_applicable,2010,13.954,14.09150444,-0.1375044388,-0.3190238541,0.2108133073,0.01402809873,0.1290322581,False
A7_frozen_primary,A7,mechanism,frozen_primary,not_applicable,2011,14.237,14.34000853,-0.103008527,-0.2221013792,0.0879362787,0.002458617328,0.1290322581,False
A7_frozen_primary,A7,mechanism,frozen_primary,not_applicable,2012,14.244,14.26608299,-0.02208299366,-0.04835670403,0.1172135224,0.0001607715253,0.1290322581,False
A7_frozen_primary,A7,mechanism,frozen_primary,not_applicable,2013,15.37,14.51104131,0.8589586893,1.922842627,0.04382247915,0.0775159908,0.1290322581,False
A7_frozen_primary,A7,mechanism,frozen_primary,not_applicable,2014,15.252,14.66551074,0.5864892586,1.260950956,0.03232945621,0.02603096965,0.1290322581,False
A7_frozen_primary,A7,mechanism,frozen_primary,not_applicable,2015,15.526,14.90489772,0.6211022795,1.366828507,0.06767700573,0.06583569953,0.1290322581,False
A7_frozen_primary,A7,mechanism,frozen_primary,not_applicable,2016,14.884,14.75931684,0.12468316,0.2619200261,0.038481077,0.001418319297,0.1290322581,False
A7_frozen_primary,A7,mechanism,frozen_primary,not_applicable,2017,15.239,14.6244883,0.6145116978,1.325196538,0.0327577385,0.02898214711,0.1290322581,False
A7_frozen_primary,A7,mechanism,frozen_primary,not_applicable,2018,15.201,14.90547011,0.2955298864,0.6342521306,0.06783896499,0.0149460696,0.1290322581,False
A7_frozen_primary,A7,mechanism,frozen_primary,not_applicable,2019,15.23,14.74709809,0.4829019076,1.031525047,0.0371177317,0.02046349244,0.1290322581,False
A7_frozen_primary,A7,mechanism,frozen_primary,not_applicable,2020,15.021,14.5660565,0.4549435038,0.9694872687,0.03664426641,0.01791325295,0.1290322581,False
A7_frozen_primary,A7,mechanism,frozen_primary,not_applicable,2021,15.103,14.86711204,0.2358879607,0.5022160331,0.05780268955,0.007941503676,0.1290322581,False
A7_frozen_primary,A7,mechanism,frozen_primary,not_applicable,2022,15.164,14.37020068,0.7937993159,1.795840129,0.07775143969,0.1262585425,0.1290322581,False
A7_frozen_primary,A7,mechanism,frozen_primary,not_applicable,2023,15.047,14.98478086,0.06221913648,0.1345157601,0.09385212666,0.0009698862204,0.1290322581,False
A7_frozen_primary,A7,mechanism,frozen_primary,not_applicable,2024,14.832,14.68032055,0.1516794526,0.3178509153,0.03264103701,0.001759012788,0.1290322581,False
A7_frozen_primary,A7,mechanism,frozen_primary,not_applicable,2025,15.144,15.0112985,0.1327015012,0.2888739935,0.1041318977,0.005008113596,0.1290322581,False
A2_window_alternative,A2,window_sensitivity,window_alternative,Chinook,1997,8.246958033,8.432298353,-0.1853403204,-0.3506660386,0.04263113206,0.002829738159,0.1379310345,False
A2_window_alternative,A2,window_sensitivity,window_alternative,Chinook,1998,8.490438454,8.366259915,0.1241785394,0.2337717559,0.03550796,0.001042460697,0.1379310345,False
A2_window_alternative,A2,window_sensitivity,window_alternative,Chinook,1999,7.691656823,8.583926083,-0.89226926,-1.830013137,0.08466432822,0.1424851889,0.1379310345,True
A2_window_alternative,A2,window_sensitivity,window_alternative,Chinook,2000,8.212568398,8.621289936,-0.4087215378,-0.8057976506,0.1005160457,0.03675714491,0.1379310345,False
A2_window_alternative,A2,window_sensitivity,window_alternative,Chinook,2001,9.254548627,8.686459447,0.5680891792,1.155615165,0.1333631722,0.1014922403,0.1379310345,False
A2_window_alternative,A2,window_sensitivity,window_alternative,Chinook,2002,8.634264863,8.580884839,0.05338002402,0.1029989517,0.08346967687,0.0005014536014,0.1379310345,False
A2_window_alternative,A2,window_sensitivity,window_alternative,Chinook,2003,8.655737001,8.238093209,0.417643792,0.7972439127,0.04104884582,0.01378980762,0.1379310345,False
A2_window_alternative,A2,window_sensitivity,window_alternative,Chinook,2004,9.455010554,8.461841865,0.993168689,2.022426386,0.04801481372,0.09255482734,0.1379310345,False
A2_window_alternative,A2,window_sensitivity,window_alternative,Chinook,2005,8.830689199,8.45228367,0.378405529,0.7227191907,0.04612441381,0.01285584147,0.1379310345,False
A2_window_alternative,A2,window_sensitivity,window_alternative,Chinook,2006,9.095378354,8.43316728,0.6622110737,1.289396739,0.04277009035,0.03625256117,0.1379310345,False
A2_window_alternative,A2,window_sensitivity,window_alternative,Chinook,2007,9.505469645,8.619986546,0.8854830992,1.831610062,0.09992651112,0.1712866463,0.1379310345,True
A2_window_alternative,A2,window_sensitivity,window_alternative,Chinook,2008,8.009030685,8.542217596,-0.5331869105,-1.041961392,0.06953529512,0.04043920616,0.1379310345,False
A2_window_alternative,A2,window_sensitivity,window_alternative,Chinook,2009,7.732369222,8.408402865,-0.6760336431,-1.315526449,0.03927017972,0.03443777896,0.1379310345,False
A2_window_alternative,A2,window_sensitivity,window_alternative,Chinook,2010,8.057377489,8.423609085,-0.3662315962,-0.6972320086,0.0413061668,0.01067590782,0.1379310345,False
A2_window_alternative,A2,window_sensitivity,window_alternative,Chinook,2011,7.99125393,8.301090403,-0.3098364734,-0.5863950637,0.03513119263,0.006415929907,0.1379310345,False
A2_window_alternative,A2,window_sensitivity,window_alternative,Chinook,2012,8.410275909,8.309345208,0.100930701,0.1898704588,0.03481338631,0.0006742305662,0.1379310345,False
A2_window_alternative,A2,window_sensitivity,window_alternative,Chinook,2013,7.890208213,8.199860429,-0.3096522158,-0.5899326347,0.04765143071,0.008922172797,0.1379310345,False
A2_window_alternative,A2,window_sensitivity,window_alternative,Chinook,2014,7.535830463,7.876185189,-0.340354726,-0.7071721478,0.1946863414,0.06158955883,0.1379310345,False
A2_window_alternative,A2,window_sensitivity,window_alternative,Chinook,2015,8.123854263,8.179440649,-0.05558638553,-0.105468103,0.05210962687,0.0003173779696,0.1379310345,False
A2_window_alternative,A2,window_sensitivity,window_alternative,Chinook,2016,7.862112212,8.199860429,-0.3377482172,-0.6442781178,0.04765143071,0.01061471594,0.1379310345,False
A2_window_alternative,A2,window_sensitivity,window_alternative,Chinook,2017,8.10832229,8.155545161,-0.04722287094,-0.08988101636,0.05815053971,0.0002589009867,0.1379310345,False
A2_window_alternative,A2,window_sensitivity,window_alternative,Chinook,2018,7.488293515,8.261554233,-0.7732607179,-1.519420395,0.03812336871,0.04363576431,0.1379310345,False
A2_window_alternative,A2,window_sensitivity,window_alternative,Chinook,2019,7.638679824,8.324551427,-0.6858716035,-1.332448505,0.03450551571,0.03083988446,0.1379310345,False
A2_window_alternative,A2,window_sensitivity,window_alternative,Chinook,2020,7.742402022,8.020427041,-0.278025019,-0.5471114172,0.1090254432,0.01880196254,0.1379310345,False
A2_window_alternative,A2,window_sensitivity,window_alternative,Chinook,2021,8.303504799,8.47140006,-0.1678952609,-0.3187669828,0.05004737242,0.002768805371,0.1379310345,False
A2_window_alternative,A2,window_sensitivity,window_alternative,Chinook,2022,8.479698987,7.827525287,0.6521737,1.426139298,0.2308869608,0.2940246826,0.1379310345,True
A2_window_alternative,A2,window_sensitivity,window_alternative,Chinook,2023,8.672657294,8.152503917,0.5201533768,1.009533705,0.05898311965,0.03191787165,0.1379310345,False
A2_window_alternative,A2,window_sensitivity,window_alternative,Chinook,2024,8.991313336,8.307607354,0.6837059817,1.328224326,0.03487148141,0.03099395711,0.1379310345,False
A2_window_alternative,A2,window_sensitivity,window_alternative,Chinook,2025,8.458928283,8.13121521,0.3277130731,0.6307749008,0.06521415822,0.01419525972,0.1379310345,False
A4_window_alternative,A4,window_sensitivity,window_alternative,Coho,1997,8.982435504,8.669097613,0.3133378903,0.3357803508,0.03463013292,0.002090990984,0.1379310345,False
A4_window_alternative,A4,window_sensitivity,window_alternative,Coho,1998,8.127109185,8.665595216,-0.5384860304,-0.5796305712,0.03501282459,0.006248742033,0.1379310345,False
A4_window_alternative,A4,window_sensitivity,window_alternative,Coho,1999,7.994294986,8.682650369,-0.6883553823,-0.7441505501,0.03538120923,0.01032633739,0.1379310345,False
A4_window_alternative,A4,window_sensitivity,window_alternative,Coho,2000,10.21192768,8.755743882,1.456183796,1.70054018,0.1005860321,0.151116003,0.1379310345,True
A4_window_alternative,A4,window_sensitivity,window_alternative,Coho,2001,10.47050446,8.725897364,1.744607092,2.037494131,0.06149704903,0.1217973692,0.1379310345,False
A4_window_alternative,A4,window_sensitivity,window_alternative,Coho,2002,7.158513997,8.707319429,-1.548805432,-1.762578649,0.04585293182,0.06924522719,0.1379310345,False
A4_window_alternative,A4,window_sensitivity,window_alternative,Coho,2003,8.629449874,8.707167151,-0.07771727743,-0.08359782492,0.04575224218,0.0001739341629,0.1379310345,False
A4_window_alternative,A4,window_sensitivity,window_alternative,Coho,2004,9.93391976,8.723917748,1.210002012,1.356460264,0.05951277363,0.0564593953,0.1379310345,False
A4_window_alternative,A4,window_sensitivity,window_alternative,Coho,2005,9.071652852,8.738993285,0.3326595673,0.3646244834,0.07653015671,0.005691763583,0.1379310345,False
A4_window_alternative,A4,window_sensitivity,window_alternative,Coho,2006,9.070963356,8.724526861,0.346436495,0.3764578526,0.06011525918,0.004681041025,0.1379310345,False
A4_window_alternative,A4,window_sensitivity,window_alternative,Coho,2007,8.093462275,8.800665936,-0.7072036619,-0.8375871243,0.1918510649,0.08420348273,0.1379310345,False
A4_window_alternative,A4,window_sensitivity,window_alternative,Coho,2008,8.33710913,8.661483706,-0.3243745761,-0.3478669343,0.03576434872,0.002319728805,0.1379310345,False
A4_window_alternative,A4,window_sensitivity,window_alternative,Coho,2009,9.533365457,8.676254686,0.8571107703,0.9316665669,0.03458477201,0.01562392628,0.1379310345,False
A4_window_alternative,A4,window_sensitivity,window_alternative,Coho,2010,5.888877958,8.713258277,-2.824380319,-3.795592348,0.05012912611,0.2540194631,0.1379310345,True
A4_window_alternative,A4,window_sensitivity,window_alternative,Coho,2011,8.46884293,8.732597603,-0.2637546721,-0.2876154169,0.06877462229,0.003162121696,0.1379310345,False
A4_window_alternative,A4,window_sensitivity,window_alternative,Coho,2012,9.255887187,8.64214438,0.6137428066,0.6649606816,0.0436785112,0.0103108027,0.1379310345,False
A4_window_alternative,A4,window_sensitivity,window_alternative,Coho,2013,9.243581706,8.67016356,0.5734181454,0.6176198528,0.03456068248,0.006987709787,0.1379310345,False
A4_window_alternative,A4,window_sensitivity,window_alternative,Coho,2014,9.610122697,8.524585647,1.08553705,1.360450522,0.2471858863,0.2945758335,0.1379310345,True
A4_window_alternative,A4,window_sensitivity,window_alternative,Coho,2015,7.597897951,8.63727148,-1.039373529,-1.146410008,0.04681188078,0.03190081672,0.1379310345,False
A4_window_alternative,A4,window_sensitivity,window_alternative,Coho,2016,8.27512163,8.542249913,-0.2671282826,-0.3142901761,0.1995684652,0.0127392227,0.1379310345,False
A4_window_alternative,A4,window_sensitivity,window_alternative,Coho,2017,8.177796683,8.657067639,-0.479270956,-0.5157188173,0.0369351698,0.005242650723,0.1379310345,False
A4_window_alternative,A4,window_sensitivity,window_alternative,Coho,2018,8.303752416,8.617018485,-0.3132660698,-0.3410894581,0.06474863493,0.004163516415,0.1379310345,False
A4_window_alternative,A4,window_sensitivity,window_alternative,Coho,2019,8.757626411,8.711735496,0.04589091552,0.04944235236,0.04896773237,6.534804221e-05,0.1379310345,False
A4_window_alternative,A4,window_sensitivity,window_alternative,Coho,2020,8.333270353,8.598288273,-0.2650179194,-0.2920996786,0.08838721309,0.004281330485,0.1379310345,False
A4_window_alternative,A4,window_sensitivity,window_alternative,Coho,2021,9.136693832,8.681888978,0.4548048538,0.4887106529,0.03524497208,0.004489240792,0.1379310345,False
A4_window_alternative,A4,window_sensitivity,window_alternative,Coho,2022,8.833025307,8.633159969,0.1998653379,0.215610704,0.04981234867,0.001263144014,0.1379310345,False
A4_window_alternative,A4,window_sensitivity,window_alternative,Coho,2023,9.162724518,8.668488501,0.4942360174,0.5313659247,0.0346796709,0.005210273184,0.1379310345,False
A4_window_alternative,A4,window_sensitivity,window_alternative,Coho,2024,8.598773178,8.654478911,-0.05570573227,-0.05966859253,0.03779661017,7.260700292e-05,0.1379310345,False
A4_window_alternative,A4,window_sensitivity,window_alternative,Coho,2025,8.258422462,8.593415372,-0.3349929093,-0.3710764483,0.09564767659,0.007521942094,0.1379310345,False
A1_t1_replacement,A1,model_form_sensitivity,t1_replacement,Chinook,1997,8.246958033,8.303303509,-0.05634547646,-0.1089429817,0.03490121413,0.000222756045,0.1379310345,False
A1_t1_replacement,A1,model_form_sensitivity,t1_replacement,Chinook,1998,8.490438454,8.340405501,0.1500329527,0.290436665,0.0345470172,0.001562197729,0.1379310345,False
A1_t1_replacement,A1,model_form_sensitivity,t1_replacement,Chinook,1999,7.691656823,8.613214269,-0.921557446,-1.956033359,0.08173313277,0.1541414826,0.1379310345,True
A1_t1_replacement,A1,model_form_sensitivity,t1_replacement,Chinook,2000,8.212568398,8.784756422,-0.5721880236,-1.216140817,0.1562936471,0.1346017183,0.1379310345,False
A1_t1_replacement,A1,model_form_sensitivity,t1_replacement,Chinook,2001,9.254548627,8.729758174,0.5247904524,1.091796441,0.1286139839,0.08734805918,0.1379310345,False
A1_t1_replacement,A1,model_form_sensitivity,t1_replacement,Chinook,2002,8.634264863,8.590080085,0.04418477765,0.0872238268,0.07433017509,0.0003171120026,0.1379310345,False
A1_t1_replacement,A1,model_form_sensitivity,t1_replacement,Chinook,2003,8.655737001,8.367468131,0.2882688697,0.5607137331,0.03531128863,0.005904036785,0.1379310345,False
A1_t1_replacement,A1,model_form_sensitivity,t1_replacement,Chinook,2004,9.455010554,8.528097933,0.9269126204,1.940015873,0.05760276313,0.1043439539,0.1379310345,False
A1_t1_replacement,A1,model_form_sensitivity,t1_replacement,Chinook,2005,8.830689199,8.606230364,0.2244588344,0.4459543102,0.07943185288,0.008842409079,0.1379310345,False
A1_t1_replacement,A1,model_form_sensitivity,t1_replacement,Chinook,2006,9.095378354,8.44210861,0.6532697436,1.308457186,0.0418897407,0.03646499595,0.1379310345,False
A1_t1_replacement,A1,model_form_sensitivity,t1_replacement,Chinook,2007,9.505469645,8.56127148,0.9441981656,1.991832553,0.06599264745,0.126280315,0.1379310345,False
A1_t1_replacement,A1,model_form_sensitivity,t1_replacement,Chinook,2008,8.009030685,8.52984391,-0.5208132244,-1.040008616,0.05801202125,0.03320516734,0.1379310345,False
A1_t1_replacement,A1,model_form_sensitivity,t1_replacement,Chinook,2009,7.732369222,8.358301757,-0.6259325343,-1.24556479,0.0349558149,0.02753559568,0.1379310345,False
A1_t1_replacement,A1,model_form_sensitivity,t1_replacement,Chinook,2010,8.057377489,8.476155144,-0.4187776555,-0.8252676666,0.04706966334,0.0170215921,0.1379310345,False
A1_t1_replacement,A1,model_form_sensitivity,t1_replacement,Chinook,2011,7.99125393,8.207711317,-0.2164573871,-0.4216847542,0.04328388257,0.004148768892,0.1379310345,False
A1_t1_replacement,A1,model_form_sensitivity,t1_replacement,Chinook,2012,8.410275909,8.325564704,0.08471120462,0.1638001715,0.03449413431,0.0004972004608,0.1379310345,False
A1_t1_replacement,A1,model_form_sensitivity,t1_replacement,Chinook,2013,7.890208213,7.928355139,-0.03814692597,-0.0776504757,0.1294664245,0.0004654998929,0.1379310345,False
A1_t1_replacement,A1,model_form_sensitivity,t1_replacement,Chinook,2014,7.535830463,8.009106534,-0.4732760714,-0.9614569894,0.09510951559,0.04871642518,0.1379310345,False
A1_t1_replacement,A1,model_form_sensitivity,t1_replacement,Chinook,2015,8.123854263,8.417664944,-0.2938106812,-0.5727410225,0.03901280036,0.006828439566,0.1379310345,False
A1_t1_replacement,A1,model_form_sensitivity,t1_replacement,Chinook,2016,7.862112212,8.260527094,-0.3984148826,-0.7800920617,0.03732184807,0.01196978655,0.1379310345,False
A1_t1_replacement,A1,model_form_sensitivity,t1_replacement,Chinook,2017,8.10832229,7.99775769,0.1105646007,0.2214645658,0.09947420298,0.002807790789,0.1379310345,False
A1_t1_replacement,A1,model_form_sensitivity,t1_replacement,Chinook,2018,7.488293515,8.262709564,-0.7744160493,-1.567981685,0.0371461715,0.04499418778,0.1379310345,False
A1_t1_replacement,A1,model_form_sensitivity,t1_replacement,Chinook,2019,7.638679824,8.0627953,-0.4241154758,-0.8496575491,0.07651754862,0.03021943806,0.1379310345,False
A1_t1_replacement,A1,model_form_sensitivity,t1_replacement,Chinook,2020,7.742402022,7.96633012,-0.2239280977,-0.4531307017,0.1123527407,0.01338857667,0.1379310345,False
A1_t1_replacement,A1,model_form_sensitivity,t1_replacement,Chinook,2021,8.303504799,8.453893949,-0.1503891498,-0.2924965742,0.043528286,0.002014998387,0.1379310345,False
A1_t1_replacement,A1,model_form_sensitivity,t1_replacement,Chinook,2022,8.479698987,7.882086772,0.5976122149,1.270531754,0.1526130479,0.1421285883,0.1379310345,True
A1_t1_replacement,A1,model_form_sensitivity,t1_replacement,Chinook,2023,8.672657294,8.170609325,0.5020479695,0.996365169,0.04943677987,0.02582218465,0.1379310345,False
A1_t1_replacement,A1,model_form_sensitivity,t1_replacement,Chinook,2024,8.991313336,8.354809804,0.6365035319,1.267813235,0.03484642765,0.0283779777,0.1379310345,False
A1_t1_replacement,A1,model_form_sensitivity,t1_replacement,Chinook,2025,8.458928283,8.03791514,0.4210131432,0.8471416148,0.08471122691,0.03356065276,0.1379310345,False
A3_t1_replacement,A3,model_form_sensitivity,t1_replacement,Coho,1997,8.982435504,8.678744815,0.3036906888,0.325779056,0.04087685367,0.002339056157,0.1379310345,False
A3_t1_replacement,A3,model_form_sensitivity,t1_replacement,Coho,1998,8.127109185,8.676406069,-0.5492968838,-0.5907065996,0.03672810533,0.006816540138,0.1379310345,False
A3_t1_replacement,A3,model_form_sensitivity,t1_replacement,Coho,1999,7.994294986,8.685487368,-0.691192382,-0.7575528761,0.06471866661,0.02017399422,0.1379310345,False
A3_t1_replacement,A3,model_form_sensitivity,t1_replacement,Coho,2000,10.21192768,8.67648071,1.535446968,1.732401429,0.03682772112,0.05341774093,0.1379310345,False
A3_t1_replacement,A3,model_form_sensitivity,t1_replacement,Coho,2001,10.47050446,8.690562944,1.779941512,2.124279791,0.09430503955,0.2078889671,0.1379310345,True
A3_t1_replacement,A3,model_form_sensitivity,t1_replacement,Coho,2002,7.158513997,8.688224198,-1.529710201,-1.769347028,0.07943012597,0.1251811794,0.1379310345,False
A3_t1_replacement,A3,model_form_sensitivity,t1_replacement,Coho,2003,8.629449874,8.665608031,-0.03615815749,-0.03879570444,0.04509757091,3.690597783e-05,0.1379310345,False
A3_t1_replacement,A3,model_form_sensitivity,t1_replacement,Coho,2004,9.93391976,8.679914188,1.254005572,1.393814738,0.04374722221,0.0429391036,0.1379310345,False
A3_t1_replacement,A3,model_form_sensitivity,t1_replacement,Coho,2005,9.071652852,8.679317061,0.3923357912,0.4217437922,0.04221519927,0.004042944675,0.1379310345,False
A3_t1_replacement,A3,model_form_sensitivity,t1_replacement,Coho,2006,9.070963356,8.679690265,0.3912730904,0.4208018903,0.04315649824,0.004118824759,0.1379310345,False
A3_t1_replacement,A3,model_form_sensitivity,t1_replacement,Coho,2007,8.093462275,8.697902624,-0.6044403495,-0.695689447,0.154770612,0.04517469169,0.1379310345,False
A3_t1_replacement,A3,model_form_sensitivity,t1_replacement,Coho,2008,8.33710913,8.68653234,-0.3494232102,-0.3809443083,0.06999272417,0.005639397167,0.1379310345,False
A3_t1_replacement,A3,model_form_sensitivity,t1_replacement,Coho,2009,9.533365457,8.676281668,0.8570837889,0.9306192411,0.03656688358,0.01651734913,0.1379310345,False
A3_t1_replacement,A3,model_form_sensitivity,t1_replacement,Coho,2010,5.888877958,8.669812797,-2.780934839,-3.654339484,0.03645919531,0.1733394687,0.1379310345,True
A3_t1_replacement,A3,model_form_sensitivity,t1_replacement,Coho,2011,8.46884293,8.671678818,-0.2028358871,-0.2166593506,0.03482367981,0.0008778087681,0.1379310345,False
A3_t1_replacement,A3,model_form_sensitivity,t1_replacement,Coho,2012,9.255887187,8.669464473,0.5864227136,0.6312853154,0.03691415338,0.007811482359,0.1379310345,False
A3_t1_replacement,A3,model_form_sensitivity,t1_replacement,Coho,2013,9.243581706,8.678844336,0.5647373699,0.6089468212,0.04110048078,0.008136595625,0.1379310345,False
A3_t1_replacement,A3,model_form_sensitivity,t1_replacement,Coho,2014,9.610122697,8.634258889,0.9758638081,1.284991871,0.3257717879,0.3895175512,0.1379310345,True
A3_t1_replacement,A3,model_form_sensitivity,t1_replacement,Coho,2015,7.597897951,8.657870267,-1.059972316,-1.18901942,0.0789248195,0.05965700711,0.1379310345,False
A3_t1_replacement,A3,model_form_sensitivity,t1_replacement,Coho,2016,8.27512163,8.662821441,-0.3876998106,-0.4194664627,0.05460263408,0.005241130512,0.1379310345,False
A3_t1_replacement,A3,model_form_sensitivity,t1_replacement,Coho,2017,8.177796683,8.671852979,-0.4940562962,-0.5300692448,0.03473997704,0.005194487941,0.1379310345,False
A3_t1_replacement,A3,model_form_sensitivity,t1_replacement,Coho,2018,8.303752416,8.671629057,-0.3678766415,-0.393767763,0.03484975694,0.002889770206,0.1379310345,False
A3_t1_replacement,A3,model_form_sensitivity,t1_replacement,Coho,2019,8.757626411,8.682476856,0.07514955576,0.08092762492,0.05189336304,0.0001860798114,0.1379310345,False
A3_t1_replacement,A3,model_form_sensitivity,t1_replacement,Coho,2020,8.333270353,8.654287508,-0.3210171543,-0.3561243241,0.1024574553,0.007480643138,0.1379310345,False
A3_t1_replacement,A3,model_form_sensitivity,t1_replacement,Coho,2021,9.136693832,8.683347665,0.4533461668,0.491269986,0.05524161896,0.007259952277,0.1379310345,False
A3_t1_replacement,A3,model_form_sensitivity,t1_replacement,Coho,2022,8.833025307,8.64351435,0.1895109574,0.2228054551,0.2032281437,0.006561958951,0.1379310345,False
A3_t1_replacement,A3,model_form_sensitivity,t1_replacement,Coho,2023,9.162724518,8.665856834,0.4968676841,0.5358345879,0.04439544343,0.006850345185,0.1379310345,False
A3_t1_replacement,A3,model_form_sensitivity,t1_replacement,Coho,2024,8.598773178,8.67100705,-0.07223387181,-0.07711324298,0.03525679787,0.00011281067,0.1379310345,False
A3_t1_replacement,A3,model_form_sensitivity,t1_replacement,Coho,2025,8.258422462,8.667250129,-0.4088276667,-0.4392988982,0.04090747028,0.004242395388,0.1379310345,False
A5_t1_replacement,A5,model_form_sensitivity,t1_replacement,Coho,1997,8.982435504,8.690640286,0.2917952173,0.313894154,0.03562704574,0.001882864095,0.1379310345,False
A5_t1_replacement,A5,model_form_sensitivity,t1_replacement,Coho,1998,8.127109185,8.734960364,-0.6078511787,-0.662612079,0.04860502493,0.01145320036,0.1379310345,False
A5_t1_replacement,A5,model_form_sensitivity,t1_replacement,Coho,1999,7.994294986,8.702879304,-0.7085843171,-0.7702955487,0.03776637303,0.01182225053,0.1379310345,False
A5_t1_replacement,A5,model_form_sensitivity,t1_replacement,Coho,2000,10.21192768,8.683779019,1.528148659,1.73222693,0.03490987507,0.05052619902,0.1379310345,False
A5_t1_replacement,A5,model_form_sensitivity,t1_replacement,Coho,2001,10.47050446,8.842700804,1.627803652,1.986830291,0.1404283439,0.290715044,0.1379310345,True
A5_t1_replacement,A5,model_form_sensitivity,t1_replacement,Coho,2002,7.158513997,8.818779089,-1.660265091,-1.995667549,0.1126638779,0.2276858881,0.1379310345,True
A5_t1_replacement,A5,model_form_sensitivity,t1_replacement,Coho,2003,8.629449874,8.862171968,-0.2327220944,-0.269091571,0.1661358048,0.007470001491,0.1379310345,False
A5_t1_replacement,A5,model_form_sensitivity,t1_replacement,Coho,2004,9.93391976,8.771121097,1.162798663,1.312749855,0.06990072855,0.06306741189,0.1379310345,False
A5_t1_replacement,A5,model_form_sensitivity,t1_replacement,Coho,2005,9.071652852,8.669685605,0.4019672471,0.432897931,0.03452327972,0.003454479639,0.1379310345,False
A5_t1_replacement,A5,model_form_sensitivity,t1_replacement,Coho,2006,9.070963356,8.66727489,0.4036884659,0.4347832431,0.03460352958,0.003492806577,0.1379310345,False
A5_t1_replacement,A5,model_form_sensitivity,t1_replacement,Coho,2007,8.093462275,8.759067519,-0.6656052449,-0.7319626672,0.06173310779,0.01793377414,0.1379310345,False
A5_t1_replacement,A5,model_form_sensitivity,t1_replacement,Coho,2008,8.33710913,8.662082579,-0.3249734496,-0.3496159772,0.0349216148,0.002285797582,0.1379310345,False
A5_t1_replacement,A5,model_form_sensitivity,t1_replacement,Coho,2009,9.533365457,8.723833985,0.809531472,0.8860708882,0.0439881823,0.01820747983,0.1379310345,False
A5_t1_replacement,A5,model_form_sensitivity,t1_replacement,Coho,2010,5.888877958,8.784101873,-2.895223915,-4.073281744,0.07989219584,0.4566296546,0.1379310345,True
A5_t1_replacement,A5,model_form_sensitivity,t1_replacement,Coho,2011,8.46884293,8.617762501,-0.1489195709,-0.1608176478,0.04571000965,0.0006425796924,0.1379310345,False
A5_t1_replacement,A5,model_form_sensitivity,t1_replacement,Coho,2012,9.255887187,8.781320278,0.4745669088,0.5237622212,0.07764679215,0.01186579293,0.1379310345,False
A5_t1_replacement,A5,model_form_sensitivity,t1_replacement,Coho,2013,9.243581706,8.735331243,0.5082504624,0.5526861498,0.04877460756,0.00803813594,0.1379310345,False
A5_t1_replacement,A5,model_form_sensitivity,t1_replacement,Coho,2014,9.610122697,8.73199333,0.8781293674,0.9654540892,0.04728480024,0.02318917199,0.1379310345,False
A5_t1_replacement,A5,model_form_sensitivity,t1_replacement,Coho,2015,7.597897951,8.530049544,-0.9321515935,-1.064077309,0.1096683616,0.06939428461,0.1379310345,False
A5_t1_replacement,A5,model_form_sensitivity,t1_replacement,Coho,2016,8.27512163,8.554527579,-0.2794059484,-0.3087401235,0.08612481997,0.004647278781,0.1379310345,False
A5_t1_replacement,A5,model_form_sensitivity,t1_replacement,Coho,2017,8.177796683,8.511876458,-0.3340797744,-0.3786962974,0.1299993088,0.01106560296,0.1379310345,False
A5_t1_replacement,A5,model_form_sensitivity,t1_replacement,Coho,2018,8.303752416,8.627776243,-0.3240238272,-0.3498826225,0.04200857818,0.002774223875,0.1379310345,False
A5_t1_replacement,A5,model_form_sensitivity,t1_replacement,Coho,2019,8.757626411,8.555269337,0.202357074,0.2233285327,0.08548020355,0.002415955752,0.1379310345,False
A5_t1_replacement,A5,model_form_sensitivity,t1_replacement,Coho,2020,8.333270353,8.573627863,-0.2403575099,-0.2632637964,0.07081602192,0.002735371778,0.1379310345,False
A5_t1_replacement,A5,model_form_sensitivity,t1_replacement,Coho,2021,9.136693832,8.563985001,0.5727088307,0.6338014523,0.07820921736,0.01742744998,0.1379310345,False
A5_t1_replacement,A5,model_form_sensitivity,t1_replacement,Coho,2022,8.833025307,8.59680782,0.2362174871,0.2566525704,0.05584306483,0.002017798658,0.1379310345,False
A5_t1_replacement,A5,model_form_sensitivity,t1_replacement,Coho,2023,9.162724518,8.592171829,0.5705526892,0.624642069,0.05852136841,0.01240674681,0.1379310345,False
A5_t1_replacement,A5,model_form_sensitivity,t1_replacement,Coho,2024,8.598773178,8.56472676,0.0340464187,0.03737950102,0.07761621911,6.104427039e-05,0.1379310345,False
A5_t1_replacement,A5,model_form_sensitivity,t1_replacement,Coho,2025,8.258422462,8.606821562,-0.3483990992,-0.3780493347,0.05059764266,0.003933295607,0.1379310345,False
A1_adults_plus_jacks,A1,outcome_sensitivity,adults_plus_jacks,Chinook,1997,8.279189777,8.374559028,-0.09536925109,-0.1842568644,0.0345753634,0.0006305062859,0.1379310345,False
A1_adults_plus_jacks,A1,outcome_sensitivity,adults_plus_jacks,Chinook,1998,8.495356497,8.371901177,0.1234553201,0.2386210828,0.0345399279,0.001055395136,0.1379310345,False
A1_adults_plus_jacks,A1,outcome_sensitivity,adults_plus_jacks,Chinook,1999,7.717351272,8.646102862,-0.9287515894,-1.972888678,0.08301533908,0.159138779,0.1379310345,True
A1_adults_plus_jacks,A1,outcome_sensitivity,adults_plus_jacks,Chinook,2000,8.329658068,8.807345856,-0.4776877881,-1.004050243,0.153785232,0.09157657292,0.1379310345,False
A1_adults_plus_jacks,A1,outcome_sensitivity,adults_plus_jacks,Chinook,2001,9.281637254,8.754188825,0.5274484292,1.095366399,0.1269959932,0.0866283872,0.1379310345,False
A1_adults_plus_jacks,A1,outcome_sensitivity,adults_plus_jacks,Chinook,2002,8.683385366,8.611107816,0.07227755007,0.1423772507,0.07178972668,0.0008134279335,0.1379310345,False
A1_adults_plus_jacks,A1,outcome_sensitivity,adults_plus_jacks,Chinook,2003,8.672999643,8.355954067,0.3170455751,0.6165810225,0.03450590981,0.006953129425,0.1379310345,False
A1_adults_plus_jacks,A1,outcome_sensitivity,adults_plus_jacks,Chinook,2004,9.475316607,8.59205988,0.8832567268,1.844013349,0.06629923202,0.1108688775,0.1379310345,False
A1_adults_plus_jacks,A1,outcome_sensitivity,adults_plus_jacks,Chinook,2005,8.864746661,8.629269802,0.2354768591,0.467040175,0.07743164905,0.009426718772,0.1379310345,False
A1_adults_plus_jacks,A1,outcome_sensitivity,adults_plus_jacks,Chinook,2006,9.136909094,8.477329288,0.6595798057,1.320951067,0.04246755821,0.03765543551,0.1379310345,False
A1_adults_plus_jacks,A1,outcome_sensitivity,adults_plus_jacks,Chinook,2007,9.509259076,8.573454919,0.9358041571,1.963601271,0.06135810574,0.1139684634,0.1379310345,False
A1_adults_plus_jacks,A1,outcome_sensitivity,adults_plus_jacks,Chinook,2008,8.029432841,8.560608637,-0.5311757962,-1.060582715,0.05818958135,0.03458895842,0.1379310345,False
A1_adults_plus_jacks,A1,outcome_sensitivity,adults_plus_jacks,Chinook,2009,7.738923757,8.382975558,-0.6440518008,-1.282353466,0.03474368203,0.02890512229,0.1379310345,False
A1_adults_plus_jacks,A1,outcome_sensitivity,adults_plus_jacks,Chinook,2010,8.061802275,8.533144171,-0.4713418962,-0.933691292,0.05208191837,0.02406357365,0.1379310345,False
A1_adults_plus_jacks,A1,outcome_sensitivity,adults_plus_jacks,Chinook,2011,8.085794701,8.247425129,-0.1616304279,-0.3139389346,0.04240625479,0.00225764805,0.1379310345,False
A1_adults_plus_jacks,A1,outcome_sensitivity,adults_plus_jacks,Chinook,2012,8.415824697,8.364370597,0.05145409968,0.09936059816,0.03448571158,0.0001830224758,0.1379310345,False
A1_adults_plus_jacks,A1,outcome_sensitivity,adults_plus_jacks,Chinook,2013,7.903965634,7.982525925,-0.07856029067,-0.1590629217,0.1212346532,0.001810630242,0.1379310345,False
A1_adults_plus_jacks,A1,outcome_sensitivity,adults_plus_jacks,Chinook,2014,7.547501683,8.053401966,-0.5059002832,-1.027358073,0.09186570985,0.05327528833,0.1379310345,False
A1_adults_plus_jacks,A1,outcome_sensitivity,adults_plus_jacks,Chinook,2015,8.142063283,8.452522674,-0.3104593906,-0.6051477152,0.03939837134,0.007690311135,0.1379310345,False
A1_adults_plus_jacks,A1,outcome_sensitivity,adults_plus_jacks,Chinook,2016,7.868636894,8.288621828,-0.419984934,-0.8227331794,0.03773762752,0.01343376312,0.1379310345,False
A1_adults_plus_jacks,A1,outcome_sensitivity,adults_plus_jacks,Chinook,2017,8.137688185,8.033468079,0.1042201056,0.2085293249,0.09951446276,0.002491026879,0.1379310345,False
A1_adults_plus_jacks,A1,outcome_sensitivity,adults_plus_jacks,Chinook,2018,7.527255919,8.285963977,-0.7587080573,-1.532313225,0.03797717151,0.04414117912,0.1379310345,False
A1_adults_plus_jacks,A1,outcome_sensitivity,adults_plus_jacks,Chinook,2019,7.688913337,8.110545774,-0.4216324375,-0.8418389829,0.07259056901,0.02803805558,0.1379310345,False
A1_adults_plus_jacks,A1,outcome_sensitivity,adults_plus_jacks,Chinook,2020,7.763446389,7.997587083,-0.2341406948,-0.4740669264,0.1144877338,0.01495775029,0.1379310345,False
A1_adults_plus_jacks,A1,outcome_sensitivity,adults_plus_jacks,Chinook,2021,8.370084326,8.469355734,-0.09927140718,-0.192488984,0.04140024091,0.0008296965247,0.1379310345,False
A1_adults_plus_jacks,A1,outcome_sensitivity,adults_plus_jacks,Chinook,2022,8.559869466,7.916079636,0.6437898297,1.375532294,0.1542605402,0.1670369536,0.1379310345,True
A1_adults_plus_jacks,A1,outcome_sensitivity,adults_plus_jacks,Chinook,2023,8.686598356,8.190724296,0.4958740602,0.9841003341,0.05217322385,0.02668549018,0.1379310345,False
A1_adults_plus_jacks,A1,outcome_sensitivity,adults_plus_jacks,Chinook,2024,9.018937706,8.391392088,0.6275456183,1.247667579,0.0349972821,0.02765734746,0.1379310345,False
A1_adults_plus_jacks,A1,outcome_sensitivity,adults_plus_jacks,Chinook,2025,8.509967146,8.048529238,0.4614379081,0.9348575839,0.09369122874,0.04538536011,0.1379310345,False
A3_adults_plus_jacks,A3,outcome_sensitivity,adults_plus_jacks,Coho,1997,8.983690681,8.742287703,0.2414029782,0.2778881898,0.05016666396,0.002111448243,0.1379310345,False
A3_adults_plus_jacks,A3,outcome_sensitivity,adults_plus_jacks,Coho,1998,8.270525095,8.733272771,-0.462747676,-0.5307156099,0.0355969739,0.005340221003,0.1379310345,False
A3_adults_plus_jacks,A3,outcome_sensitivity,adults_plus_jacks,Coho,1999,8.057060682,8.745581621,-0.6885209387,-0.8052678692,0.05969956328,0.02085676604,0.1379310345,False
A3_adults_plus_jacks,A3,outcome_sensitivity,adults_plus_jacks,Coho,2000,10.21431226,8.733168753,1.481143504,1.790655549,0.03552734049,0.05459488045,0.1379310345,False
A3_adults_plus_jacks,A3,outcome_sensitivity,adults_plus_jacks,Coho,2001,10.4854238,8.75369506,1.731728744,2.221655392,0.09278954509,0.2203015083,0.1379310345,True
A3_adults_plus_jacks,A3,outcome_sensitivity,adults_plus_jacks,Coho,2002,7.302496424,8.746795169,-1.444298745,-1.770032347,0.06377958867,0.09890411429,0.1379310345,False
A3_adults_plus_jacks,A3,outcome_sensitivity,adults_plus_jacks,Coho,2003,8.638348313,8.718016732,-0.07966841908,-0.09155048782,0.04938334729,0.000226004389,0.1379310345,False
A3_adults_plus_jacks,A3,outcome_sensitivity,adults_plus_jacks,Coho,2004,9.973153531,8.741594247,1.231559284,1.472073875,0.04844681044,0.05287915211,0.1379310345,False
A3_adults_plus_jacks,A3,outcome_sensitivity,adults_plus_jacks,Coho,2005,9.143986871,8.73646267,0.4075242013,0.4676032025,0.0388232745,0.004547443032,0.1379310345,False
A3_adults_plus_jacks,A3,outcome_sensitivity,adults_plus_jacks,Coho,2006,9.076351732,8.738335002,0.3380167298,0.3879252705,0.04170100779,0.003380614626,0.1379310345,False
A3_adults_plus_jacks,A3,outcome_sensitivity,adults_plus_jacks,Coho,2007,8.153637486,8.765067743,-0.6114302568,-0.7564957417,0.1621798331,0.05628126731,0.1379310345,False
A3_adults_plus_jacks,A3,outcome_sensitivity,adults_plus_jacks,Coho,2008,8.365672384,8.746725824,-0.3810534398,-0.4427710709,0.06353820662,0.006854904132,0.1379310345,False
A3_adults_plus_jacks,A3,outcome_sensitivity,adults_plus_jacks,Coho,2009,9.537339307,8.734347628,0.8029916785,0.9315583275,0.03644807328,0.0164938182,0.1379310345,False
A3_adults_plus_jacks,A3,outcome_sensitivity,adults_plus_jacks,Coho,2010,6.343880434,8.727517084,-2.383636649,-3.213067237,0.03512114776,0.1396619237,0.1379310345,True
A3_adults_plus_jacks,A3,outcome_sensitivity,adults_plus_jacks,Coho,2011,8.508152447,8.72907736,-0.2209249135,-0.2521866605,0.03457052348,0.001179584401,0.1379310345,False
A3_adults_plus_jacks,A3,outcome_sensitivity,adults_plus_jacks,Coho,2012,9.271153211,8.725089986,0.5460632249,0.6280623247,0.03698242867,0.007747965021,0.1379310345,False
A3_adults_plus_jacks,A3,outcome_sensitivity,adults_plus_jacks,Coho,2013,9.270023374,8.740831445,0.5291919293,0.6115044867,0.04667029988,0.009370344452,0.1379310345,False
A3_adults_plus_jacks,A3,outcome_sensitivity,adults_plus_jacks,Coho,2014,9.615272004,8.678697759,0.9365742456,1.301380808,0.3076974446,0.3669367661,0.1379310345,True
A3_adults_plus_jacks,A3,outcome_sensitivity,adults_plus_jacks,Coho,2015,7.613818685,8.708238998,-1.094420313,-1.323142681,0.08363182863,0.07772749608,0.1379310345,False
A3_adults_plus_jacks,A3,outcome_sensitivity,adults_plus_jacks,Coho,2016,8.306225216,8.718016732,-0.411791516,-0.4751815245,0.04938334729,0.006038085582,0.1379310345,False
A3_adults_plus_jacks,A3,outcome_sensitivity,adults_plus_jacks,Coho,2017,8.203030242,8.729805489,-0.5267752477,-0.6047650652,0.03448655796,0.006688961682,0.1379310345,False
A3_adults_plus_jacks,A3,outcome_sensitivity,adults_plus_jacks,Coho,2018,8.351610751,8.727655775,-0.3760450242,-0.4303644612,0.03505173385,0.003468613619,0.1379310345,False
A3_adults_plus_jacks,A3,outcome_sensitivity,adults_plus_jacks,Coho,2019,8.780633799,8.747211243,0.0334225565,0.0387267784,0.06524884972,5.435443206e-05,0.1379310345,False
A3_adults_plus_jacks,A3,outcome_sensitivity,adults_plus_jacks,Coho,2020,8.411610429,8.70518779,-0.2935773613,-0.3471546322,0.09838324817,0.00679668472,0.1379310345,False
A3_adults_plus_jacks,A3,outcome_sensitivity,adults_plus_jacks,Coho,2021,9.16062478,8.743327888,0.4172968921,0.4825005806,0.05293366554,0.006696320909,0.1379310345,False
A3_adults_plus_jacks,A3,outcome_sensitivity,adults_plus_jacks,Coho,2022,8.989569005,8.688267456,0.3013015488,0.3820888835,0.215270347,0.02067862217,0.1379310345,False
A3_adults_plus_jacks,A3,outcome_sensitivity,adults_plus_jacks,Coho,2023,9.191870856,8.719854391,0.4720164644,0.5442006774,0.04516265201,0.007191338343,0.1379310345,False
A3_adults_plus_jacks,A3,outcome_sensitivity,adults_plus_jacks,Coho,2024,8.645938147,8.725887461,-0.07994931394,-0.09124437136,0.0362359408,0.0001624809156,0.1379310345,False
A3_adults_plus_jacks,A3,outcome_sensitivity,adults_plus_jacks,Coho,2025,8.304494898,8.719889064,-0.4153941661,-0.4782869066,0.04508975621,0.005559661562,0.1379310345,False
A5_adults_plus_jacks,A5,outcome_sensitivity,adults_plus_jacks,Coho,1997,8.983690681,8.738256296,0.2454343851,0.2826596031,0.03467282098,0.001485491046,0.1379310345,False
A5_adults_plus_jacks,A5,outcome_sensitivity,adults_plus_jacks,Coho,1998,8.270525095,8.801189686,-0.5306645911,-0.619180526,0.04860361568,0.01002178128,0.1379310345,False
A5_adults_plus_jacks,A5,outcome_sensitivity,adults_plus_jacks,Coho,1999,8.057060682,8.786877076,-0.7298163937,-0.8548476566,0.04349662844,0.01678297428,0.1379310345,False
A5_adults_plus_jacks,A5,outcome_sensitivity,adults_plus_jacks,Coho,2000,10.21431226,8.740571571,1.473740685,1.796926804,0.03479431073,0.0537612989,0.1379310345,False
A5_adults_plus_jacks,A5,outcome_sensitivity,adults_plus_jacks,Coho,2001,10.4854238,8.927898384,1.557525419,2.04932363,0.1435982227,0.3147917536,0.1379310345,True
A5_adults_plus_jacks,A5,outcome_sensitivity,adults_plus_jacks,Coho,2002,7.302496424,8.892537817,-1.590041394,-2.050152943,0.1080888441,0.2276741148,0.1379310345,True
A5_adults_plus_jacks,A5,outcome_sensitivity,adults_plus_jacks,Coho,2003,8.638348313,8.942210995,-0.3038626817,-0.3755774629,0.1599518112,0.01387057965,0.1379310345,False
A5_adults_plus_jacks,A5,outcome_sensitivity,adults_plus_jacks,Coho,2004,9.973153531,8.835497855,1.137655676,1.37723884,0.06549273365,0.06432925826,0.1379310345,False
A5_adults_plus_jacks,A5,outcome_sensitivity,adults_plus_jacks,Coho,2005,9.143986871,8.706473882,0.4375129896,0.5059231236,0.03602435134,0.004918187275,0.1379310345,False
A5_adults_plus_jacks,A5,outcome_sensitivity,adults_plus_jacks,Coho,2006,9.076351732,8.718050258,0.358301474,0.4134091498,0.03488038139,0.003186216207,0.1379310345,False
A5_adults_plus_jacks,A5,outcome_sensitivity,adults_plus_jacks,Coho,2007,8.153637486,8.821395724,-0.667758238,-0.7863964259,0.05775670314,0.01922533457,0.1379310345,False
A5_adults_plus_jacks,A5,outcome_sensitivity,adults_plus_jacks,Coho,2008,8.365672384,8.72204937,-0.3563769859,-0.4111266782,0.0346587291,0.003130612408,0.1379310345,False
A5_adults_plus_jacks,A5,outcome_sensitivity,adults_plus_jacks,Coho,2009,9.537339307,8.774669261,0.7626700459,0.892827648,0.04004266786,0.01675142046,0.1379310345,False
A5_adults_plus_jacks,A5,outcome_sensitivity,adults_plus_jacks,Coho,2010,6.343880434,8.856545812,-2.512665378,-3.631884498,0.07910026646,0.3902848367,0.1379310345,True
A5_adults_plus_jacks,A5,outcome_sensitivity,adults_plus_jacks,Coho,2011,8.508152447,8.661220775,-0.1530683286,-0.1773174049,0.04766112848,0.0008160393365,0.1379310345,False
A5_adults_plus_jacks,A5,outcome_sensitivity,adults_plus_jacks,Coho,2012,9.271153211,8.872542259,0.3986109527,0.474417287,0.0910929411,0.01161190148,0.1379310345,False
A5_adults_plus_jacks,A5,outcome_sensitivity,adults_plus_jacks,Coho,2013,9.270023374,8.812976542,0.4570468324,0.5337083074,0.05366644187,0.008296498563,0.1379310345,False
A5_adults_plus_jacks,A5,outcome_sensitivity,adults_plus_jacks,Coho,2014,9.615272004,8.811503185,0.8037688197,0.9491845314,0.05299125339,0.02529983195,0.1379310345,False
A5_adults_plus_jacks,A5,outcome_sensitivity,adults_plus_jacks,Coho,2015,7.613818685,8.574503195,-0.9606845098,-1.175289189,0.1018444072,0.07722443136,0.1379310345,False
A5_adults_plus_jacks,A5,outcome_sensitivity,adults_plus_jacks,Coho,2016,8.306225216,8.599339783,-0.2931145672,-0.3464382929,0.08204399137,0.005544175419,0.1379310345,False
A5_adults_plus_jacks,A5,outcome_sensitivity,adults_plus_jacks,Coho,2017,8.203030242,8.541668382,-0.3386381407,-0.4123017572,0.1332969603,0.01348684803,0.1379310345,False
A5_adults_plus_jacks,A5,outcome_sensitivity,adults_plus_jacks,Coho,2018,8.351610751,8.676796263,-0.3251855126,-0.3764537382,0.04236808252,0.00323789736,0.1379310345,False
A5_adults_plus_jacks,A5,outcome_sensitivity,adults_plus_jacks,Coho,2019,8.780633799,8.602076018,0.1785577819,0.2105092503,0.08007278455,0.001999376931,0.1379310345,False
A5_adults_plus_jacks,A5,outcome_sensitivity,adults_plus_jacks,Coho,2020,8.411610429,8.610074241,-0.1984638122,-0.2333234514,0.0745499955,0.002272288508,0.1379310345,False
A5_adults_plus_jacks,A5,outcome_sensitivity,adults_plus_jacks,Coho,2021,9.16062478,8.603970334,0.556654446,0.6607052021,0.07873254131,0.01905080305,0.1379310345,False
A5_adults_plus_jacks,A5,outcome_sensitivity,adults_plus_jacks,Coho,2022,8.989569005,8.647960563,0.341608442,0.3978545187,0.05323266239,0.004593121763,0.1379310345,False
A5_adults_plus_jacks,A5,outcome_sensitivity,adults_plus_jacks,Coho,2023,9.191870856,8.630701238,0.5611696172,0.6600694611,0.06195203846,0.01469443619,0.1379310345,False
A5_adults_plus_jacks,A5,outcome_sensitivity,adults_plus_jacks,Coho,2024,8.645938147,8.617861985,0.02807616232,0.03288451546,0.06951505089,4.194640486e-05,0.1379310345,False
A5_adults_plus_jacks,A5,outcome_sensitivity,adults_plus_jacks,Coho,2025,8.304494898,8.642488094,-0.3379931961,-0.3941604639,0.05581763397,0.00474061498,0.1379310345,False
A1_no_t2_extrapolation_rows,A1,extrapolation_sensitivity,no_t2_extrapolation_rows,Chinook,1997,8.246958033,8.250154968,-0.003196935125,-0.006832600042,0.04949909775,1.283118368e-06,0.1904761905,False
A1_no_t2_extrapolation_rows,A1,extrapolation_sensitivity,no_t2_extrapolation_rows,Chinook,1998,8.490438454,8.247017905,0.2434205495,0.5242661802,0.0497278841,0.007476964956,0.1904761905,False
A1_no_t2_extrapolation_rows,A1,extrapolation_sensitivity,no_t2_extrapolation_rows,Chinook,1999,7.691656823,8.570658242,-0.8790014196,-2.161050737,0.09533729265,0.2062412116,0.1904761905,True
A1_no_t2_extrapolation_rows,A1,extrapolation_sensitivity,no_t2_extrapolation_rows,Chinook,2000,8.212568398,8.760973401,-0.5484050024,-1.328321667,0.187423917,0.195617009,0.1904761905,True
A1_no_t2_extrapolation_rows,A1,extrapolation_sensitivity,no_t2_extrapolation_rows,Chinook,2001,9.254548627,8.69823214,0.556316487,1.317905915,0.1517249092,0.1495320126,0.1904761905,False
A1_no_t2_extrapolation_rows,A1,extrapolation_sensitivity,no_t2_extrapolation_rows,Chinook,2002,8.634264863,8.529353579,0.1049112841,0.2284519004,0.08173504127,0.002444688488,0.1904761905,False
A1_no_t2_extrapolation_rows,A1,extrapolation_sensitivity,no_t2_extrapolation_rows,Chinook,2003,8.655737001,8.228195526,0.4275414745,0.9366854392,0.05137639653,0.02391327995,0.1904761905,False
A1_no_t2_extrapolation_rows,A1,extrapolation_sensitivity,no_t2_extrapolation_rows,Chinook,2004,9.455010554,8.506871294,0.9481392601,2.34812318,0.07528817394,0.1813698357,0.1904761905,False
A1_no_t2_extrapolation_rows,A1,extrapolation_sensitivity,no_t2_extrapolation_rows,Chinook,2005,8.830689199,8.550790176,0.2798990224,0.6173088622,0.08851025261,0.01912491998,0.1904761905,False
A1_no_t2_extrapolation_rows,A1,extrapolation_sensitivity,no_t2_extrapolation_rows,Chinook,2006,9.095378354,8.371454739,0.7239236146,1.662858012,0.05072429465,0.06759640995,0.1904761905,False
A1_no_t2_extrapolation_rows,A1,extrapolation_sensitivity,no_t2_extrapolation_rows,Chinook,2008,8.009030685,8.469749381,-0.4607186959,-1.021789812,0.06611972196,0.03687458513,0.1904761905,False
A1_no_t2_extrapolation_rows,A1,extrapolation_sensitivity,no_t2_extrapolation_rows,Chinook,2009,7.732369222,8.260089001,-0.5277197784,-1.169535345,0.04886124942,0.03446596311,0.1904761905,False
A1_no_t2_extrapolation_rows,A1,extrapolation_sensitivity,no_t2_extrapolation_rows,Chinook,2010,8.057377489,8.437333063,-0.3799555743,-0.8319589319,0.05961756895,0.02230168871,0.1904761905,False
A1_no_t2_extrapolation_rows,A1,extrapolation_sensitivity,no_t2_extrapolation_rows,Chinook,2011,7.99125393,8.100098785,-0.1088448554,-0.2361961551,0.0751530215,0.002385225012,0.1904761905,False
A1_no_t2_extrapolation_rows,A1,extrapolation_sensitivity,no_t2_extrapolation_rows,Chinook,2012,8.410275909,8.238129559,0.1721463497,0.369493655,0.05044743191,0.003799299524,0.1904761905,False
A1_no_t2_extrapolation_rows,A1,extrapolation_sensitivity,no_t2_extrapolation_rows,Chinook,2013,7.890208213,7.787438168,0.1027700449,0.2436676074,0.2251396496,0.00907496713,0.1904761905,False
A1_no_t2_extrapolation_rows,A1,extrapolation_sensitivity,no_t2_extrapolation_rows,Chinook,2014,7.535830463,7.871093183,-0.33526272,-0.780707885,0.1722265975,0.06473731364,0.1904761905,False
A1_no_t2_extrapolation_rows,A1,extrapolation_sensitivity,no_t2_extrapolation_rows,Chinook,2015,8.123854263,8.342175484,-0.2183212206,-0.4692338867,0.0486307867,0.005868294079,0.1904761905,False
A1_no_t2_extrapolation_rows,A1,extrapolation_sensitivity,no_t2_extrapolation_rows,Chinook,2017,8.10832229,7.84756521,0.2607570802,0.6084379767,0.1861644543,0.04379278158,0.1904761905,False
A1_no_t2_extrapolation_rows,A1,extrapolation_sensitivity,no_t2_extrapolation_rows,Chinook,2019,7.638679824,7.938540038,-0.2998602144,-0.6809332384,0.1363656412,0.03766948554,0.1904761905,False
A1_no_t2_extrapolation_rows,A1,extrapolation_sensitivity,no_t2_extrapolation_rows,Chinook,2021,8.303504799,8.36204355,-0.05853875085,-0.1251934918,0.04992661726,0.0004343217722,0.1904761905,False
A3_no_t2_extrapolation_rows,A3,extrapolation_sensitivity,no_t2_extrapolation_rows,Coho,1997,8.982435504,8.891276699,0.09115880437,0.09800541728,0.06762829867,0.000365586647,0.1739130435,False
A3_no_t2_extrapolation_rows,A3,extrapolation_sensitivity,no_t2_extrapolation_rows,Coho,1998,8.127109185,8.852179405,-0.7250702196,-0.7821886347,0.0460910031,0.01505931423,0.1739130435,False
A3_no_t2_extrapolation_rows,A3,extrapolation_sensitivity,no_t2_extrapolation_rows,Coho,1999,7.994294986,8.905562249,-0.9112672626,-1.01144989,0.08092360479,0.04498899817,0.1739130435,False
A3_no_t2_extrapolation_rows,A3,extrapolation_sensitivity,no_t2_extrapolation_rows,Coho,2000,10.21192768,8.851728282,1.360199396,1.527276088,0.04596943558,0.05284361733,0.1739130435,False
A3_no_t2_extrapolation_rows,A3,extrapolation_sensitivity,no_t2_extrapolation_rows,Coho,2001,10.47050446,8.940749814,1.529754642,1.835862888,0.1260580795,0.218419743,0.1739130435,True
A3_no_t2_extrapolation_rows,A3,extrapolation_sensitivity,no_t2_extrapolation_rows,Coho,2003,8.629449874,8.786014753,-0.1565648794,-0.1676453622,0.05919642773,0.0009271053112,0.1739130435,False
A3_no_t2_extrapolation_rows,A3,extrapolation_sensitivity,no_t2_extrapolation_rows,Coho,2004,9.93391976,8.888269215,1.045650545,1.15957248,0.06519932666,0.04613398848,0.1739130435,False
A3_no_t2_extrapolation_rows,A3,extrapolation_sensitivity,no_t2_extrapolation_rows,Coho,2006,9.070963356,8.874134039,0.1968293161,0.2104323268,0.05550722188,0.001363247044,0.1739130435,False
A3_no_t2_extrapolation_rows,A3,extrapolation_sensitivity,no_t2_extrapolation_rows,Coho,2008,8.33710913,8.910524598,-0.5734154683,-0.6286954206,0.08622156041,0.01920063812,0.1739130435,False
A3_no_t2_extrapolation_rows,A3,extrapolation_sensitivity,no_t2_extrapolation_rows,Coho,2009,9.533365457,8.856841005,0.6765244513,0.7289375587,0.04751677553,0.01355632824,0.1739130435,False
A3_no_t2_extrapolation_rows,A3,extrapolation_sensitivity,no_t2_extrapolation_rows,Coho,2010,5.888877958,8.827217286,-2.938339328,-4.350910614,0.04371754405,0.2334157004,0.1739130435,True
A3_no_t2_extrapolation_rows,A3,extrapolation_sensitivity,no_t2_extrapolation_rows,Coho,2011,8.46884293,8.833984126,-0.3651411953,-0.3889493083,0.04348492262,0.003583599904,0.1739130435,False
A3_no_t2_extrapolation_rows,A3,extrapolation_sensitivity,no_t2_extrapolation_rows,Coho,2012,9.255887187,8.816691092,0.4391960952,0.4690939283,0.04537453889,0.00543132671,0.1739130435,False
A3_no_t2_extrapolation_rows,A3,extrapolation_sensitivity,no_t2_extrapolation_rows,Coho,2013,9.243581706,8.884960982,0.3586207233,0.3858716959,0.06267611691,0.005188433677,0.1739130435,False
A3_no_t2_extrapolation_rows,A3,extrapolation_sensitivity,no_t2_extrapolation_rows,Coho,2014,9.610122697,8.615490401,0.9946322963,1.371434941,0.3801422276,0.5535156647,0.1739130435,True
A3_no_t2_extrapolation_rows,A3,extrapolation_sensitivity,no_t2_extrapolation_rows,Coho,2016,8.27512163,8.786014753,-0.510893123,-0.5507968711,0.05919642773,0.009871894077,0.1739130435,False
A3_no_t2_extrapolation_rows,A3,extrapolation_sensitivity,no_t2_extrapolation_rows,Coho,2018,8.303752416,8.827818783,-0.5240663676,-0.5605433575,0.04367048114,0.007416315932,0.1739130435,False
A3_no_t2_extrapolation_rows,A3,extrapolation_sensitivity,no_t2_extrapolation_rows,Coho,2019,8.757626411,8.912629837,-0.1550034255,-0.1686285465,0.08857504151,0.001448754879,0.1739130435,False
A3_no_t2_extrapolation_rows,A3,extrapolation_sensitivity,no_t2_extrapolation_rows,Coho,2020,8.333270353,8.730376296,-0.3971059428,-0.4410857707,0.118434693,0.01359018972,0.1739130435,False
A3_no_t2_extrapolation_rows,A3,extrapolation_sensitivity,no_t2_extrapolation_rows,Coho,2021,9.136693832,8.895787925,0.2409059064,0.2599163183,0.071513087,0.0027225235,0.1739130435,False
A3_no_t2_extrapolation_rows,A3,extrapolation_sensitivity,no_t2_extrapolation_rows,Coho,2022,8.833025307,8.656993682,0.176031625,0.213189363,0.2639291374,0.008536351134,0.1739130435,False
A3_no_t2_extrapolation_rows,A3,extrapolation_sensitivity,no_t2_extrapolation_rows,Coho,2023,9.162724518,8.793984586,0.3687399318,0.3950730366,0.0543178692,0.004670200118,0.1739130435,False
A3_no_t2_extrapolation_rows,A3,extrapolation_sensitivity,no_t2_extrapolation_rows,Coho,2024,8.598773178,8.820149699,-0.2213765201,-0.2353933691,0.04465617903,0.001356026149,0.1739130435,False
A5_no_t2_extrapolation_rows,A5,extrapolation_sensitivity,no_t2_extrapolation_rows,Coho,1997,8.982435504,8.690320867,0.2921146363,0.2460878695,0.08756322928,0.003132169917,0.2666666667,False
A5_no_t2_extrapolation_rows,A5,extrapolation_sensitivity,no_t2_extrapolation_rows,Coho,1998,8.127109185,8.646473192,-0.5193640064,-0.4349834177,0.06699712115,0.007245299409,0.2666666667,False
A5_no_t2_extrapolation_rows,A5,extrapolation_sensitivity,no_t2_extrapolation_rows,Coho,1999,7.994294986,8.656445238,-0.662150252,-0.5573335833,0.06702129294,0.01178161702,0.2666666667,False
A5_no_t2_extrapolation_rows,A5,extrapolation_sensitivity,no_t2_extrapolation_rows,Coho,2000,10.21192768,8.688707742,1.523219936,1.375993464,0.08586818229,0.08320746969,0.2666666667,False
A5_no_t2_extrapolation_rows,A5,extrapolation_sensitivity,no_t2_extrapolation_rows,Coho,2001,10.47050446,8.55819125,1.912313206,1.953549444,0.1862616967,0.3590000852,0.2666666667,True
A5_no_t2_extrapolation_rows,A5,extrapolation_sensitivity,no_t2_extrapolation_rows,Coho,2002,7.158513997,8.582828071,-1.424314074,-1.311689111,0.1313803512,0.123283546,0.2666666667,False
A5_no_t2_extrapolation_rows,A5,extrapolation_sensitivity,no_t2_extrapolation_rows,Coho,2003,8.629449874,8.548219203,0.08123067053,0.07352566262,0.2132293607,0.0007932558042,0.2666666667,False
A5_no_t2_extrapolation_rows,A5,extrapolation_sensitivity,no_t2_extrapolation_rows,Coho,2005,9.071652852,8.712464677,0.3591881756,0.3082225488,0.1180778077,0.006835562647,0.2666666667,False
A5_no_t2_extrapolation_rows,A5,extrapolation_sensitivity,no_t2_extrapolation_rows,Coho,2007,8.093462275,8.632395008,-0.5389327339,-0.4527902155,0.07162673048,0.008424060256,0.2666666667,False
A5_no_t2_extrapolation_rows,A5,extrapolation_sensitivity,no_t2_extrapolation_rows,Coho,2010,5.888877958,8.607904835,-2.719026877,-3.05506738,0.09269073016,0.2905193573,0.2666666667,True
A5_no_t2_extrapolation_rows,A5,extrapolation_sensitivity,no_t2_extrapolation_rows,Coho,2012,9.255887187,8.596759607,0.6591275804,0.5675749481,0.1077473875,0.02052071686,0.2666666667,False
A5_no_t2_extrapolation_rows,A5,extrapolation_sensitivity,no_t2_extrapolation_rows,Coho,2013,9.243581706,8.638260918,0.6053207876,0.5089813843,0.06903418717,0.01018568857,0.2666666667,False
A5_no_t2_extrapolation_rows,A5,extrapolation_sensitivity,no_t2_extrapolation_rows,Coho,2014,9.610122697,8.639287452,0.9708352446,0.8303720146,0.06867794944,0.02604540311,0.2666666667,False
A5_no_t2_extrapolation_rows,A5,extrapolation_sensitivity,no_t2_extrapolation_rows,Coho,2016,8.27512163,8.787108378,-0.5119867482,-0.5037768822,0.3204513474,0.06348350514,0.2666666667,False
A5_no_t2_extrapolation_rows,A5,extrapolation_sensitivity,no_t2_extrapolation_rows,Coho,2019,8.757626411,8.785201958,-0.02757554645,-0.02671293828,0.3133726259,0.0001763963322,0.2666666667,False
A1_highest_cook_removed,A1,influence_sensitivity,highest_cook_removed,Chinook,1997,8.246958033,8.379043634,-0.1320856017,-0.2675163405,0.03603641407,0.001387214048,0.1428571429,False
A1_highest_cook_removed,A1,influence_sensitivity,highest_cook_removed,Chinook,1998,8.490438454,8.375944494,0.1144939604,0.2317964521,0.03596493691,0.001040090208,0.1428571429,False
A1_highest_cook_removed,A1,influence_sensitivity,highest_cook_removed,Chinook,2000,8.212568398,8.883687033,-0.6711186343,-1.526756957,0.1671190111,0.2224696455,0.1428571429,True
A1_highest_cook_removed,A1,influence_sensitivity,highest_cook_removed,Chinook,2001,9.254548627,8.82170422,0.4328444065,0.9421419833,0.1382285939,0.07149728633,0.1428571429,False
A1_highest_cook_removed,A1,influence_sensitivity,highest_cook_removed,Chinook,2002,8.634264863,8.65486715,-0.02060228684,-0.04261197809,0.07826118567,8.016295884e-05,0.1428571429,False
A1_highest_cook_removed,A1,influence_sensitivity,highest_cook_removed,Chinook,2003,8.655737001,8.35734965,0.2983873509,0.6078124497,0.03572412125,0.007013454355,0.1428571429,False
A1_highest_cook_removed,A1,influence_sensitivity,highest_cook_removed,Chinook,2004,9.455010554,8.632656642,0.8223539118,1.802033763,0.0722352419,0.1163598419,0.1428571429,False
A1_highest_cook_removed,A1,influence_sensitivity,highest_cook_removed,Chinook,2005,8.830689199,8.676044611,0.154644588,0.3215814625,0.08443518291,0.004938862302,0.1428571429,False
A1_highest_cook_removed,A1,influence_sensitivity,highest_cook_removed,Chinook,2006,9.095378354,8.498877072,0.5965012817,1.249756575,0.04566740595,0.0365798399,0.1428571429,False
A1_highest_cook_removed,A1,influence_sensitivity,highest_cook_removed,Chinook,2007,9.505469645,8.610962658,0.8945069874,1.97718741,0.06679343691,0.1258223828,0.1428571429,False
A1_highest_cook_removed,A1,influence_sensitivity,highest_cook_removed,Chinook,2008,8.009030685,8.595983478,-0.5869527929,-1.24074171,0.06329207775,0.05095179892,0.1428571429,False
A1_highest_cook_removed,A1,influence_sensitivity,highest_cook_removed,Chinook,2009,7.732369222,8.38885758,-0.6564883573,-1.377362987,0.03632183411,0.03455970267,0.1428571429,False
A1_highest_cook_removed,A1,influence_sensitivity,highest_cook_removed,Chinook,2010,8.057377489,8.563959025,-0.5065815363,-1.058535482,0.05650810832,0.03339991386,0.1428571429,False
A1_highest_cook_removed,A1,influence_sensitivity,highest_cook_removed,Chinook,2011,7.99125393,8.230801408,-0.239547478,-0.4884527963,0.04264748268,0.005474507419,0.1428571429,False
A1_highest_cook_removed,A1,influence_sensitivity,highest_cook_removed,Chinook,2012,8.410275909,8.367163595,0.04311231382,0.08719482632,0.03581104692,0.0001467937575,0.1428571429,False
A1_highest_cook_removed,A1,influence_sensitivity,highest_cook_removed,Chinook,2013,7.890208213,7.921920392,-0.03171217917,-0.06721752942,0.1222427443,0.0003271437416,0.1428571429,False
A1_highest_cook_removed,A1,influence_sensitivity,highest_cook_removed,Chinook,2014,7.535830463,8.004564142,-0.4687336795,-0.99607974,0.0922305106,0.05041827436,0.1428571429,False
A1_highest_cook_removed,A1,influence_sensitivity,highest_cook_removed,Chinook,2015,8.123854263,8.469951759,-0.3460974962,-0.709205391,0.04211689403,0.01127302401,0.1428571429,False
A1_highest_cook_removed,A1,influence_sensitivity,highest_cook_removed,Chinook,2016,7.862112212,8.278838087,-0.4167258758,-0.8560518903,0.03826133829,0.01472852144,0.1428571429,False
A1_highest_cook_removed,A1,influence_sensitivity,highest_cook_removed,Chinook,2017,8.10832229,7.981320588,0.1270017026,0.2662036998,0.1000278371,0.004084077929,0.1428571429,False
A1_highest_cook_removed,A1,influence_sensitivity,highest_cook_removed,Chinook,2018,7.488293515,8.275738947,-0.7874454317,-1.682428492,0.03847939425,0.05291321859,0.1428571429,False
A1_highest_cook_removed,A1,influence_sensitivity,highest_cook_removed,Chinook,2019,7.638679824,8.071195666,-0.4325158418,-0.9063797168,0.07266978145,0.03241166014,0.1428571429,False
A1_highest_cook_removed,A1,influence_sensitivity,highest_cook_removed,Chinook,2020,7.742402022,7.939482189,-0.1970801673,-0.4175092463,0.115332344,0.01173515615,0.1428571429,False
A1_highest_cook_removed,A1,influence_sensitivity,highest_cook_removed,Chinook,2021,8.303504799,8.48957965,-0.186074851,-0.3790599083,0.04444110097,0.00345507481,0.1428571429,False
A1_highest_cook_removed,A1,influence_sensitivity,highest_cook_removed,Chinook,2022,8.479698987,7.844441877,0.6352571103,1.4280822,0.1561624137,0.1814554679,0.1428571429,True
A1_highest_cook_removed,A1,influence_sensitivity,highest_cook_removed,Chinook,2023,8.672657294,8.164686408,0.5079708862,1.059046905,0.05220250232,0.03074326993,0.1428571429,False
A1_highest_cook_removed,A1,influence_sensitivity,highest_cook_removed,Chinook,2024,8.991313336,8.398671525,0.5926418112,1.23502369,0.03669704921,0.02847751883,0.1428571429,False
A1_highest_cook_removed,A1,influence_sensitivity,highest_cook_removed,Chinook,2025,8.458928283,7.998882384,0.4600458988,0.9779465625,0.0940900094,0.04974941166,0.1428571429,False
A3_highest_cook_removed,A3,influence_sensitivity,highest_cook_removed,Coho,1997,8.982435504,8.734155496,0.2482800079,0.2710376561,0.0515527901,0.002070271659,0.1428571429,False
A3_highest_cook_removed,A3,influence_sensitivity,highest_cook_removed,Coho,1998,8.127109185,8.652598401,-0.5254892158,-0.5718848203,0.03601614818,0.00627196101,0.1428571429,False
A3_highest_cook_removed,A3,influence_sensitivity,highest_cook_removed,Coho,1999,7.994294986,8.763955203,-0.7696602169,-0.8564241315,0.06310020686,0.02495517169,0.1428571429,False
A3_highest_cook_removed,A3,influence_sensitivity,highest_cook_removed,Coho,2000,10.21192768,8.651657358,1.56027032,1.792075008,0.03597422178,0.0552245004,0.1428571429,False
A3_highest_cook_removed,A3,influence_sensitivity,highest_cook_removed,Coho,2001,10.47050446,8.837356588,1.633147868,1.969617266,0.1049443987,0.2047520401,0.1428571429,True
A3_highest_cook_removed,A3,influence_sensitivity,highest_cook_removed,Coho,2002,7.158513997,8.774934043,-1.616420046,-1.901868947,0.06814654437,0.1201641838,0.1428571429,False
A3_highest_cook_removed,A3,influence_sensitivity,highest_cook_removed,Coho,2003,8.629449874,8.514578703,0.114871171,0.1260418401,0.06333744167,0.0005582571329,0.1428571429,False
A3_highest_cook_removed,A3,influence_sensitivity,highest_cook_removed,Coho,2004,9.93391976,8.727881873,1.206037887,1.361033834,0.04952211982,0.0467256216,0.1428571429,False
A3_highest_cook_removed,A3,influence_sensitivity,highest_cook_removed,Coho,2005,9.071652852,8.681457065,0.3901957868,0.4240278736,0.03882327755,0.003749461051,0.1428571429,False
A3_highest_cook_removed,A3,influence_sensitivity,highest_cook_removed,Coho,2006,9.070963356,8.698395847,0.372567509,0.4053841558,0.04184332143,0.00370749891,0.1428571429,False
A3_highest_cook_removed,A3,influence_sensitivity,highest_cook_removed,Coho,2007,8.093462275,8.940244,-0.8467817254,-1.023110767,0.1956854697,0.1271064798,0.1428571429,False
A3_highest_cook_removed,A3,influence_sensitivity,highest_cook_removed,Coho,2008,8.33710913,8.774306681,-0.4371975511,-0.48295641,0.0678466935,0.008746361577,0.1428571429,False
A3_highest_cook_removed,A3,influence_sensitivity,highest_cook_removed,Coho,2009,9.533365457,8.662322516,0.8710429404,0.9592912316,0.03663285921,0.01755028919,0.1428571429,False
A3_highest_cook_removed,A3,influence_sensitivity,highest_cook_removed,Coho,2010,5.888877958,8.600527333,-2.711649375,-3.626413031,0.03840625158,0.1789796745,0.1428571429,True
A3_highest_cook_removed,A3,influence_sensitivity,highest_cook_removed,Coho,2011,8.46884293,8.614642984,-0.1458000536,-0.1577884774,0.03681051178,0.0004942899064,0.1428571429,False
A3_highest_cook_removed,A3,influence_sensitivity,highest_cook_removed,Coho,2012,9.255887187,8.578569654,0.6773175331,0.7428017872,0.04228979038,0.01239566759,0.1428571429,False
A3_highest_cook_removed,A3,influence_sensitivity,highest_cook_removed,Coho,2013,9.243581706,8.720980888,0.5226008176,0.5721478071,0.04744922473,0.008369721526,0.1428571429,False
A3_highest_cook_removed,A3,influence_sensitivity,highest_cook_removed,Coho,2015,7.597897951,8.426120623,-0.8282226728,-0.9521027443,0.1162895939,0.05985950674,0.1428571429,False
A3_highest_cook_removed,A3,influence_sensitivity,highest_cook_removed,Coho,2016,8.27512163,8.514578703,-0.2394570726,-0.2630228501,0.06333744167,0.00242586999,0.1428571429,False
A3_highest_cook_removed,A3,influence_sensitivity,highest_cook_removed,Coho,2017,8.177796683,8.621230288,-0.4434336046,-0.4817515884,0.03630709653,0.004504943928,0.1428571429,False
A3_highest_cook_removed,A3,influence_sensitivity,highest_cook_removed,Coho,2018,8.303752416,8.601782058,-0.2980296421,-0.3232871204,0.03823586029,0.002151644988,0.1428571429,False
A3_highest_cook_removed,A3,influence_sensitivity,highest_cook_removed,Coho,2019,8.757626411,8.778698217,-0.02107180526,-0.02319617642,0.06997489364,2.105107979e-05,0.1428571429,False
A3_highest_cook_removed,A3,influence_sensitivity,highest_cook_removed,Coho,2020,8.333270353,8.398516684,-0.06524633042,-0.07463275444,0.1384814431,0.000465470838,0.1428571429,False
A3_highest_cook_removed,A3,influence_sensitivity,highest_cook_removed,Coho,2021,9.136693832,8.74356593,0.3931279021,0.4308734068,0.05485990302,0.005562222844,0.1428571429,False
A3_highest_cook_removed,A3,influence_sensitivity,highest_cook_removed,Coho,2022,8.833025307,8.245440291,0.5875850164,0.7598196559,0.3104747897,0.1321251385,0.1428571429,False
A3_highest_cook_removed,A3,influence_sensitivity,highest_cook_removed,Coho,2023,9.162724518,8.531203803,0.6315207152,0.6968607766,0.05647608381,0.0148269539,0.1428571429,False
A3_highest_cook_removed,A3,influence_sensitivity,highest_cook_removed,Coho,2024,8.598773178,8.58578432,0.0129888585,0.01407930573,0.04082559902,4.387300339e-06,0.1428571429,False
A3_highest_cook_removed,A3,influence_sensitivity,highest_cook_removed,Coho,2025,8.258422462,8.531517484,-0.2730950215,-0.2989799448,0.0563560241,0.002766110698,0.1428571429,False
A5_highest_cook_removed,A5,influence_sensitivity,highest_cook_removed,Coho,1997,8.982435504,8.797392843,0.1850426602,0.2493150336,0.03619130622,0.001210696374,0.1428571429,False
A5_highest_cook_removed,A5,influence_sensitivity,highest_cook_removed,Coho,1998,8.127109185,8.920290961,-0.7931817761,-1.102332246,0.05245872624,0.03336075411,0.1428571429,False
A5_highest_cook_removed,A5,influence_sensitivity,highest_cook_removed,Coho,1999,7.994294986,8.892340888,-0.8980459014,-1.252685204,0.04672639887,0.03763510962,0.1428571429,False
A5_highest_cook_removed,A5,influence_sensitivity,highest_cook_removed,Coho,2000,10.21192768,8.801914179,1.410013499,2.051043953,0.03637981416,0.07069100813,0.1428571429,False
A5_highest_cook_removed,A5,influence_sensitivity,highest_cook_removed,Coho,2001,10.47050446,9.16773132,1.302773136,2.019757779,0.1554014023,0.3355527068,0.1428571429,True
A5_highest_cook_removed,A5,influence_sensitivity,highest_cook_removed,Coho,2002,7.158513997,9.098678197,-1.940164199,-3.255246606,0.1172379448,0.5139570066,0.1428571429,True
A5_highest_cook_removed,A5,influence_sensitivity,highest_cook_removed,Coho,2003,8.629449874,9.195681393,-0.5662315197,-0.8338961952,0.1729252277,0.07355730783,0.1428571429,False
A5_highest_cook_removed,A5,influence_sensitivity,highest_cook_removed,Coho,2004,9.93391976,8.987288932,0.9466308274,1.343574888,0.07107198589,0.06698299352,0.1428571429,False
A5_highest_cook_removed,A5,influence_sensitivity,highest_cook_removed,Coho,2005,9.071652852,8.735327239,0.3363256137,0.4545849838,0.03676914212,0.00406828665,0.1428571429,False
A5_highest_cook_removed,A5,influence_sensitivity,highest_cook_removed,Coho,2006,9.070963356,8.757933916,0.3130294397,0.4226662667,0.03587540707,0.003432178127,0.1428571429,False
A5_highest_cook_removed,A5,influence_sensitivity,highest_cook_removed,Coho,2007,8.093462275,8.959749889,-0.8662876145,-1.216516782,0.0625887958,0.04850979755,0.1428571429,False
A5_highest_cook_removed,A5,influence_sensitivity,highest_cook_removed,Coho,2008,8.33710913,8.765743495,-0.4286343656,-0.5805404305,0.03574860742,0.006410936718,0.1428571429,False
A5_highest_cook_removed,A5,influence_sensitivity,highest_cook_removed,Coho,2009,9.533365457,8.868501119,0.6648643377,0.9125916991,0.04278276173,0.0187319421,0.1428571429,False
A5_highest_cook_removed,A5,influence_sensitivity,highest_cook_removed,Coho,2011,8.46884293,8.646955682,-0.1781127515,-0.2414146505,0.04777486684,0.001516977594,0.1428571429,False
A5_highest_cook_removed,A5,influence_sensitivity,highest_cook_removed,Coho,2012,9.255887187,9.059630299,0.1962568875,0.2735381376,0.09889063345,0.004257149489,0.1428571429,False
A5_highest_cook_removed,A5,influence_sensitivity,highest_cook_removed,Coho,2013,9.243581706,8.943308669,0.3002730365,0.4101074395,0.05807806347,0.005356534567,0.1428571429,False
A5_highest_cook_removed,A5,influence_sensitivity,highest_cook_removed,Coho,2014,9.610122697,8.940431456,0.6696912412,0.9267499941,0.05733125997,0.0262598021,0.1428571429,False
A5_highest_cook_removed,A5,influence_sensitivity,highest_cook_removed,Coho,2015,7.597897951,8.477611118,-0.8797131673,-1.265275444,0.1022936482,0.08915202091,0.1428571429,False
A5_highest_cook_removed,A5,influence_sensitivity,highest_cook_removed,Coho,2016,8.27512163,8.526112716,-0.2509910861,-0.3469426018,0.08218968398,0.005578237137,0.1428571429,False
A5_highest_cook_removed,A5,influence_sensitivity,highest_cook_removed,Coho,2017,8.177796683,8.413490361,-0.2356936773,-0.3354269497,0.1344031114,0.00904362925,0.1428571429,False
A5_highest_cook_removed,A5,influence_sensitivity,highest_cook_removed,Coho,2018,8.303752416,8.677371939,-0.3736195231,-0.5070439859,0.04263662509,0.005893282529,0.1428571429,False
A5_highest_cook_removed,A5,influence_sensitivity,highest_cook_removed,Coho,2019,8.757626411,8.531456113,0.2261702985,0.3121513596,0.08019521932,0.00440045144,0.1428571429,False
A5_highest_cook_removed,A5,influence_sensitivity,highest_cook_removed,Coho,2020,8.333270353,8.547075272,-0.2138049183,-0.2941302176,0.074616035,0.00361486886,0.1428571429,False
A5_highest_cook_removed,A5,influence_sensitivity,highest_cook_removed,Coho,2021,9.136693832,8.535155387,0.6015384446,0.83958892,0.07884005853,0.03051213265,0.1428571429,False
A5_highest_cook_removed,A5,influence_sensitivity,highest_cook_removed,Coho,2022,8.833025307,8.621060761,0.2119645465,0.2882721544,0.05326622128,0.002423212675,0.1428571429,False
A5_highest_cook_removed,A5,influence_sensitivity,highest_cook_removed,Coho,2023,9.162724518,8.58735626,0.5753682579,0.7946633119,0.06195233886,0.02115283738,0.1428571429,False
A5_highest_cook_removed,A5,influence_sensitivity,highest_cook_removed,Coho,2024,8.598773178,8.5622834,0.03648977849,0.04997784329,0.06954277368,9.70667686e-05,0.1428571429,False
A5_highest_cook_removed,A5,influence_sensitivity,highest_cook_removed,Coho,2025,8.258422462,8.610373968,-0.3519515054,-0.4807164217,0.05583194061,0.007040746447,0.1428571429,False
A8_chinook_temperature_plus_flow,A8,secondary_combined_model,a1_rows,Chinook,1997,8.246958033,8.280825809,-0.03386777638,-0.06814743357,0.1459289745,0.0002750286697,0.1379310345,False
A8_chinook_temperature_plus_flow,A8,secondary_combined_model,a1_rows,Chinook,1998,8.490438454,8.358148396,0.1322900579,0.2519766465,0.04462391151,0.00102547331,0.1379310345,False
A8_chinook_temperature_plus_flow,A8,secondary_combined_model,a1_rows,Chinook,1999,7.691656823,8.616657624,-0.9250008009,-1.925226197,0.08356887706,0.1020422843,0.1379310345,False
A8_chinook_temperature_plus_flow,A8,secondary_combined_model,a1_rows,Chinook,2000,8.212568398,8.777666844,-0.565098446,-1.173793157,0.1545217375,0.08273398896,0.1379310345,False
A8_chinook_temperature_plus_flow,A8,secondary_combined_model,a1_rows,Chinook,2001,9.254548627,8.715637858,0.5389107685,1.098345729,0.1275082995,0.05830430408,0.1379310345,False
A8_chinook_temperature_plus_flow,A8,secondary_combined_model,a1_rows,Chinook,2002,8.634264863,8.603660626,0.03060423682,0.05972011121,0.09192272524,0.0001251386405,0.1379310345,False
A8_chinook_temperature_plus_flow,A8,secondary_combined_model,a1_rows,Chinook,2003,8.655737001,8.396650533,0.2590864679,0.5386818289,0.1909494615,0.02346970571,0.1379310345,False
A8_chinook_temperature_plus_flow,A8,secondary_combined_model,a1_rows,Chinook,2004,9.455010554,8.474029947,0.9809806063,2.374827332,0.2769943096,0.6111661712,0.1379310345,True
A8_chinook_temperature_plus_flow,A8,secondary_combined_model,a1_rows,Chinook,2005,8.830689199,8.613590043,0.2170991553,0.4239793791,0.08698625974,0.005894722235,0.1379310345,False
A8_chinook_temperature_plus_flow,A8,secondary_combined_model,a1_rows,Chinook,2006,9.095378354,8.44972103,0.6456573236,1.266115709,0.04327364512,0.02362126842,0.1379310345,False
A8_chinook_temperature_plus_flow,A8,secondary_combined_model,a1_rows,Chinook,2007,9.505469645,8.562594841,0.9428748043,1.959171604,0.07629664766,0.09527951232,0.1379310345,False
A8_chinook_temperature_plus_flow,A8,secondary_combined_model,a1_rows,Chinook,2008,8.009030685,8.521097601,-0.5120669162,-1.001181843,0.05932562808,0.02107017796,0.1379310345,False
A8_chinook_temperature_plus_flow,A8,secondary_combined_model,a1_rows,Chinook,2009,7.732369222,8.366246271,-0.6338770485,-1.240631304,0.04190006746,0.02198134208,0.1379310345,False
A8_chinook_temperature_plus_flow,A8,secondary_combined_model,a1_rows,Chinook,2010,8.057377489,8.445735652,-0.3883581637,-0.7877461522,0.1388484291,0.03384524793,0.1379310345,False
A8_chinook_temperature_plus_flow,A8,secondary_combined_model,a1_rows,Chinook,2011,7.99125393,8.209901104,-0.2186471741,-0.417125649,0.0434558457,0.002721303293,0.1379310345,False
A8_chinook_temperature_plus_flow,A8,secondary_combined_model,a1_rows,Chinook,2012,8.410275909,8.339717248,0.07055866152,0.1336824169,0.03616788412,0.0002323122072,0.1379310345,False
A8_chinook_temperature_plus_flow,A8,secondary_combined_model,a1_rows,Chinook,2013,7.890208213,7.875153057,0.01505515577,0.03339500224,0.2973065762,0.0001635664741,0.1379310345,False
A8_chinook_temperature_plus_flow,A8,secondary_combined_model,a1_rows,Chinook,2014,7.535830463,8.005136024,-0.4693055609,-0.9364369651,0.1011944546,0.03306645795,0.1379310345,False
A8_chinook_temperature_plus_flow,A8,secondary_combined_model,a1_rows,Chinook,2015,8.123854263,8.418071745,-0.2942174814,-0.5617073495,0.03948874531,0.004440750911,0.1379310345,False
A8_chinook_temperature_plus_flow,A8,secondary_combined_model,a1_rows,Chinook,2016,7.862112212,8.275151832,-0.41303962,-0.7969007052,0.04762466673,0.01073618893,0.1379310345,False
A8_chinook_temperature_plus_flow,A8,secondary_combined_model,a1_rows,Chinook,2017,8.10832229,8.016457646,0.09186464433,0.1806482155,0.1047693465,0.001322245781,0.1379310345,False
A8_chinook_temperature_plus_flow,A8,secondary_combined_model,a1_rows,Chinook,2018,7.488293515,8.274008061,-0.7857145455,-1.570749945,0.04954907017,0.04058417697,0.1379310345,False
A8_chinook_temperature_plus_flow,A8,secondary_combined_model,a1_rows,Chinook,2019,7.638679824,8.042280685,-0.4036008614,-0.8075890213,0.1139730569,0.02834415776,0.1379310345,False
A8_chinook_temperature_plus_flow,A8,secondary_combined_model,a1_rows,Chinook,2020,7.742402022,7.973254293,-0.2308522709,-0.4583202933,0.1154896515,0.009428803476,0.1379310345,False
A8_chinook_temperature_plus_flow,A8,secondary_combined_model,a1_rows,Chinook,2021,8.303504799,8.467068157,-0.1635633577,-0.315794703,0.06882717602,0.002545203126,0.1379310345,False
A8_chinook_temperature_plus_flow,A8,secondary_combined_model,a1_rows,Chinook,2022,8.479698987,7.907643317,0.5720556705,1.198891549,0.1675972264,0.09486967819,0.1379310345,False
A8_chinook_temperature_plus_flow,A8,secondary_combined_model,a1_rows,Chinook,2023,8.672657294,8.17855186,0.4941054338,0.9666325136,0.06288851601,0.02095458839,0.1379310345,False
A8_chinook_temperature_plus_flow,A8,secondary_combined_model,a1_rows,Chinook,2024,8.991313336,8.343572003,0.6477413328,1.269596374,0.04204236579,0.02303821409,0.1379310345,False
A8_chinook_temperature_plus_flow,A8,secondary_combined_model,a1_rows,Chinook,2025,8.458928283,8.060602579,0.3983257043,0.812430061,0.1469764443,0.03841080435,0.1379310345,False
A8_coho_temperature_plus_flow,A8,secondary_combined_model,a3_rows,Coho,1997,8.982435504,8.974392598,0.008042905185,0.009147345824,0.1546250034,5.305559035e-06,0.1379310345,False
A8_coho_temperature_plus_flow,A8,secondary_combined_model,a3_rows,Coho,1998,8.127109185,8.497207371,-0.3700981855,-0.4042015502,0.07726041008,0.004711475536,0.1379310345,False
A8_coho_temperature_plus_flow,A8,secondary_combined_model,a3_rows,Coho,1999,7.994294986,8.52578068,-0.5314856932,-0.5885232044,0.09584309894,0.01255395969,0.1379310345,False
A8_coho_temperature_plus_flow,A8,secondary_combined_model,a3_rows,Coho,2000,10.21192768,8.581417181,1.630510497,1.864318197,0.04730585631,0.05252661855,0.1379310345,False
A8_coho_temperature_plus_flow,A8,secondary_combined_model,a3_rows,Coho,2001,10.47050446,8.727153426,1.74335103,2.072682623,0.09346446828,0.1310300453,0.1379310345,False
A8_coho_temperature_plus_flow,A8,secondary_combined_model,a3_rows,Coho,2002,7.158513997,8.340658814,-1.182144817,-1.463232766,0.2251575396,0.1986668309,0.1379310345,True
A8_coho_temperature_plus_flow,A8,secondary_combined_model,a3_rows,Coho,2003,8.629449874,8.792378842,-0.1629289687,-0.1770517932,0.07284484064,0.0008527366013,0.1379310345,False
A8_coho_temperature_plus_flow,A8,secondary_combined_model,a3_rows,Coho,2004,9.93391976,8.829527741,1.104392019,1.236305232,0.07406771808,0.03994306255,0.1379310345,False
A8_coho_temperature_plus_flow,A8,secondary_combined_model,a3_rows,Coho,2005,9.071652852,8.519898692,0.5517541605,0.6033989317,0.07237235126,0.009706013132,0.1379310345,False
A8_coho_temperature_plus_flow,A8,secondary_combined_model,a3_rows,Coho,2006,9.070963356,8.560039574,0.5109237819,0.5548650487,0.06143270334,0.006900893996,0.1379310345,False
A8_coho_temperature_plus_flow,A8,secondary_combined_model,a3_rows,Coho,2007,8.093462275,8.768482616,-0.6750203416,-0.7819963795,0.1652973414,0.0409789026,0.1379310345,False
A8_coho_temperature_plus_flow,A8,secondary_combined_model,a3_rows,Coho,2008,8.33710913,8.52343376,-0.1863246303,-0.2057079974,0.1013617375,0.001651844259,0.1379310345,False
A8_coho_temperature_plus_flow,A8,secondary_combined_model,a3_rows,Coho,2009,9.533365457,8.706755978,0.8266094787,0.8950461964,0.03745632208,0.01047151042,0.1379310345,False
A8_coho_temperature_plus_flow,A8,secondary_combined_model,a3_rows,Coho,2010,5.888877958,8.815180507,-2.926302548,-4.077643541,0.06228874622,0.2299503698,0.1379310345,True
A8_coho_temperature_plus_flow,A8,secondary_combined_model,a3_rows,Coho,2011,8.46884293,8.702803991,-0.2339610608,-0.2494636503,0.03580560942,0.0007991593054,0.1379310345,False
A8_coho_temperature_plus_flow,A8,secondary_combined_model,a3_rows,Coho,2012,9.255887187,8.691419545,0.5644676418,0.60614352,0.03777744847,0.004928150811,0.1379310345,False
A8_coho_temperature_plus_flow,A8,secondary_combined_model,a3_rows,Coho,2013,9.243581706,8.904014064,0.3395676422,0.376821851,0.1069980512,0.00586472943,0.1379310345,False
A8_coho_temperature_plus_flow,A8,secondary_combined_model,a3_rows,Coho,2014,9.610122697,8.791148919,0.8189737777,1.088804562,0.3520027561,0.2131395615,0.1379310345,True
A8_coho_temperature_plus_flow,A8,secondary_combined_model,a3_rows,Coho,2015,7.597897951,8.591782274,-0.9938843239,-1.114495793,0.08717894153,0.03917746222,0.1379310345,False
A8_coho_temperature_plus_flow,A8,secondary_combined_model,a3_rows,Coho,2016,8.27512163,8.911121084,-0.6359994533,-0.7213065678,0.1321764421,0.02691094817,0.1379310345,False
A8_coho_temperature_plus_flow,A8,secondary_combined_model,a3_rows,Coho,2017,8.177796683,8.720032276,-0.542235593,-0.5818112326,0.03735745688,0.004493115406,0.1379310345,False
A8_coho_temperature_plus_flow,A8,secondary_combined_model,a3_rows,Coho,2018,8.303752416,8.628349603,-0.3245971871,-0.3467694534,0.03727109327,0.001606119816,0.1379310345,False
A8_coho_temperature_plus_flow,A8,secondary_combined_model,a3_rows,Coho,2019,8.757626411,8.99080594,-0.2331795287,-0.2691862138,0.177105015,0.005390725237,0.1379310345,False
A8_coho_temperature_plus_flow,A8,secondary_combined_model,a3_rows,Coho,2020,8.333270353,8.673138148,-0.3398677943,-0.3756304069,0.09976680249,0.005390392128,0.1379310345,False
A8_coho_temperature_plus_flow,A8,secondary_combined_model,a3_rows,Coho,2021,9.136693832,8.779956229,0.3567376027,0.3865667975,0.06319515376,0.003473822507,0.1379310345,False
A8_coho_temperature_plus_flow,A8,secondary_combined_model,a3_rows,Coho,2022,8.833025307,8.401798381,0.4312269264,0.5327066084,0.2753142061,0.03695431835,0.1379310345,False
A8_coho_temperature_plus_flow,A8,secondary_combined_model,a3_rows,Coho,2023,9.162724518,8.586654716,0.5760698021,0.6234886252,0.05200400986,0.007279446848,0.1379310345,False
A8_coho_temperature_plus_flow,A8,secondary_combined_model,a3_rows,Coho,2024,8.598773178,8.548149726,0.05062345206,0.0544460125,0.05455755988,5.929425174e-05,0.1379310345,False
A8_coho_temperature_plus_flow,A8,secondary_combined_model,a3_rows,Coho,2025,8.258422462,8.433643054,-0.1752205912,-0.1944455631,0.1107113169,0.001629300146,0.1379310345,False
