model_id,analysis_id,family,sensitivity_id,species,outcome,outcome_scale,n,term,coefficient,hc3_standard_error,hc3_ci_low,hc3_ci_high,hc3_p_value,predictor_transformed_mean,predictor_transformed_sample_sd,fitted_percent_count_difference_per_1sd
A1_t2_primary,A1,primary_salmon_temperature,t2_primary,Chinook,total_adults,log1p,29,const,8.329959748,0.1001862094,8.124394626,8.53552487,4.446708216e-34,,,
A1_t2_primary,A1,primary_salmon_temperature,t2_primary,Chinook,total_adults,log1p,29,z_t2_window_mean_c,-0.2422220624,0.1077670469,-0.4633417778,-0.02110234698,0.03297053274,14.482,0.5498729074,-21.51181346
A3_t2_primary,A3,primary_salmon_temperature,t2_primary,Coho,total_adults,log1p,29,const,8.673004335,0.1806450516,8.302351306,9.043657365,1.105229542e-27,,,
A3_t2_primary,A3,primary_salmon_temperature,t2_primary,Coho,total_adults,log1p,29,z_t2_window_mean_c,-0.02443775369,0.1985398639,-0.4318079051,0.3829323977,0.902949577,11.68948276,0.5349201957,-2.414156938
A5_t2_primary,A5,primary_salmon_temperature,t2_primary,Coho,total_adults,log1p,29,const,8.673004335,0.1817345448,8.300115851,9.04589282,1.297680798e-27,,,
A5_t2_primary,A5,primary_salmon_temperature,t2_primary,Coho,total_adults,log1p,29,z_t2_window_mean_c,-0.09577674532,0.2186918633,-0.5444953841,0.3529418934,0.6649042021,14.63124138,0.5379193816,-9.133314245
A6_frozen_primary,A6,mechanism,frozen_primary,not_applicable,flow_jul_sep_mean_cfs,log,29,const,3.400594797,0.05485742998,3.288036648,3.513152946,1.184100401e-30,,,
A6_frozen_primary,A6,mechanism,frozen_primary,not_applicable,flow_jul_sep_mean_cfs,log,29,z_swe_apr01_inches,0.1040461563,0.08073612381,-0.06161068636,0.2697029989,0.2084292836,37.18965517,16.31522831,
A7_frozen_primary,A7,mechanism,frozen_primary,not_applicable,primary_thermal_value_c,identity,31,const,14.65425806,0.08742403807,14.47545583,14.8330603,7.241457363e-45,,,
A7_frozen_primary,A7,mechanism,frozen_primary,not_applicable,primary_thermal_value_c,identity,31,z_log_matched_flow_cfs,-0.2431483748,0.06820826099,-0.382649932,-0.1036468176,0.001285151607,3.663709136,0.3404531277,
A2_window_alternative,A2,window_sensitivity,window_alternative,Chinook,total_adults,log1p,29,const,8.329959748,0.1031843244,8.118243002,8.541676493,9.827815924e-34,,,
A2_window_alternative,A2,window_sensitivity,window_alternative,Chinook,total_adults,log1p,29,z_t2_window_mean_c,-0.2142520646,0.11936211,-0.4591628843,0.03065875525,0.08386108567,13.04355172,0.4931417926,-19.28550932
A4_window_alternative,A4,window_sensitivity,window_alternative,Coho,total_adults,log1p,29,const,8.673004335,0.1805467093,8.302553088,9.043455583,1.089277511e-27,,,
A4_window_alternative,A4,window_sensitivity,window_alternative,Coho,total_adults,log1p,29,z_t2_window_mean_c,-0.0608166698,0.1987923774,-0.4687049361,0.3470715965,0.7620039842,10.31434483,0.399378828,-5.90042631
A1_t1_replacement,A1,model_form_sensitivity,t1_replacement,Chinook,total_adults,log1p,29,const,8.329959748,0.09973396224,8.125322561,8.534596935,3.937181826e-34,,,
A1_t1_replacement,A1,model_form_sensitivity,t1_replacement,Chinook,total_adults,log1p,29,z_t1_window_mean_c,-0.2462607563,0.1064048261,-0.4645854255,-0.02793608704,0.02849279984,14.47693103,0.5641789819,-21.82816396
A3_t1_replacement,A3,model_form_sensitivity,t1_replacement,Coho,total_adults,log1p,29,const,8.673004335,0.1811631154,8.301288327,9.044720344,1.193043382e-27,,,
A3_t1_replacement,A3,model_form_sensitivity,t1_replacement,Coho,total_adults,log1p,29,z_t1_window_mean_c,-0.01356686777,0.2057322466,-0.4356945696,0.408560834,0.9479080461,11.66172414,0.5452861566,-1.347525259
A5_t1_replacement,A5,model_form_sensitivity,t1_replacement,Coho,total_adults,log1p,29,const,8.673004335,0.1818248047,8.299930652,9.046078019,1.314995677e-27,,,
A5_t1_replacement,A5,model_form_sensitivity,t1_replacement,Coho,total_adults,log1p,29,z_t1_window_mean_c,-0.09852634159,0.2204898912,-0.5509342289,0.3538815457,0.6585458325,14.62910345,0.5313121456,-9.38281777
A1_adults_plus_jacks,A1,outcome_sensitivity,adults_plus_jacks,Chinook,adult_plus_jacks,log1p,29,const,8.362155721,0.09988765659,8.157203179,8.567108263,3.699204206e-34,,,
A1_adults_plus_jacks,A1,outcome_sensitivity,adults_plus_jacks,Chinook,adult_plus_jacks,log1p,29,z_t2_window_mean_c,-0.2435800932,0.1072123226,-0.4635616085,-0.02359857786,0.03127129748,14.482,0.5498729074,-21.61833048
A3_adults_plus_jacks,A3,outcome_sensitivity,adults_plus_jacks,Coho,adult_plus_jacks,log1p,29,const,8.729996788,0.1694922965,8.382227321,9.077766254,1.690424947e-28,,,
A3_adults_plus_jacks,A3,outcome_sensitivity,adults_plus_jacks,Coho,adult_plus_jacks,log1p,29,z_t2_window_mean_c,-0.01854718944,0.191044668,-0.4105384694,0.3734440905,0.9233775603,11.68948276,0.5349201957,-1.837624877
A5_adults_plus_jacks,A5,outcome_sensitivity,adults_plus_jacks,Coho,adult_plus_jacks,log1p,29,const,8.729996788,0.1696249674,8.381955103,9.078038472,1.726161888e-28,,,
A5_adults_plus_jacks,A5,outcome_sensitivity,adults_plus_jacks,Coho,adult_plus_jacks,log1p,29,z_t2_window_mean_c,-0.1132210375,0.2050308333,-0.5339095581,0.3074674832,0.5853438745,14.63124138,0.5379193816,-10.70467378
A1_no_t2_extrapolation_rows,A1,extrapolation_sensitivity,no_t2_extrapolation_rows,Chinook,total_adults,log1p,21,const,8.303236066,0.1071283991,8.07901375,8.527458382,3.126727313e-25,,,
A1_no_t2_extrapolation_rows,A1,extrapolation_sensitivity,no_t2_extrapolation_rows,Chinook,total_adults,log1p,21,z_t2_window_mean_c,-0.2737412142,0.1107852689,-0.5056174469,-0.04186498145,0.02311233145,14.35247619,0.5235620898,-23.94711361
A3_no_t2_extrapolation_rows,A3,extrapolation_sensitivity,no_t2_extrapolation_rows,Coho,total_adults,log1p,23,const,8.8330165,0.2065322866,8.403509098,9.262523903,6.540762652e-22,,,
A3_no_t2_extrapolation_rows,A3,extrapolation_sensitivity,no_t2_extrapolation_rows,Coho,total_adults,log1p,23,z_t2_window_mean_c,-0.0799285095,0.2386859602,-0.5763031368,0.4164461178,0.7410457534,11.72243478,0.5315307077,-7.681765721
A5_no_t2_extrapolation_rows,A5,extrapolation_sensitivity,no_t2_extrapolation_rows,Coho,total_adults,log1p,15,const,8.651371226,0.3267537167,7.945462739,9.357279714,1.075483383e-12,,,
A5_no_t2_extrapolation_rows,A5,extrapolation_sensitivity,no_t2_extrapolation_rows,Coho,total_adults,log1p,15,z_t2_window_mean_c,0.07201152583,0.305399162,-0.5877632515,0.7317863032,0.8172659931,14.3264,0.4910510302,7.466773043
A1_highest_cook_removed,A1,influence_sensitivity,highest_cook_removed,Chinook,total_adults,log1p,28,const,8.352756281,0.09739107485,8.152566059,8.552946502,1.993633855e-33,,,
A1_highest_cook_removed,A1,influence_sensitivity,highest_cook_removed,Chinook,total_adults,log1p,28,z_t2_window_mean_c,-0.2818710719,0.1074374331,-0.5027118785,-0.06103026534,0.01436679681,14.50489286,0.5457081936,-24.56290621
A3_highest_cook_removed,A3,influence_sensitivity,highest_cook_removed,Coho,total_adults,log1p,28,const,8.639535823,0.1805260986,8.268459112,9.010612533,6.994652428e-27,,,
A3_highest_cook_removed,A3,influence_sensitivity,highest_cook_removed,Coho,total_adults,log1p,28,z_t2_window_mean_c,-0.1446913193,0.1798457043,-0.5143694588,0.2249868202,0.4283864603,11.63664286,0.4612687988,-13.471065
A5_highest_cook_removed,A5,influence_sensitivity,highest_cook_removed,Coho,total_adults,log1p,28,const,8.77243742,0.1485553153,8.467077597,9.077797244,3.107820193e-29,,,
A5_highest_cook_removed,A5,influence_sensitivity,highest_cook_removed,Coho,total_adults,log1p,28,z_t2_window_mean_c,-0.2198945813,0.188384355,-0.6071241688,0.1673350062,0.2536971604,14.65271429,0.5349836174,-19.73965971
A8_chinook_temperature_plus_flow,A8,secondary_combined_model,a1_rows,Chinook,total_adults,log1p,29,const,8.329959748,0.105397146,8.113312811,8.546606684,1.656351952e-32,,,
A8_chinook_temperature_plus_flow,A8,secondary_combined_model,a1_rows,Chinook,total_adults,log1p,29,z_t2_window_mean_c,-0.2395563169,0.1159973966,-0.4779923804,-0.001120253287,0.04900930538,14.482,0.5498729074,-21.3023048
A8_chinook_temperature_plus_flow,A8,secondary_combined_model,a1_rows,Chinook,total_adults,log1p,29,z_log_matched_flow_cfs,-0.03491308525,0.1325562887,-0.307386439,0.2375602685,0.7943314763,3.293653454,0.2795064926,-3.431065474
A8_coho_temperature_plus_flow,A8,secondary_combined_model,a3_rows,Coho,total_adults,log1p,29,const,8.673004335,0.1830176994,8.296806067,9.049202604,9.008947335e-27,,,
A8_coho_temperature_plus_flow,A8,secondary_combined_model,a3_rows,Coho,total_adults,log1p,29,z_t2_window_mean_c,-0.03406749711,0.1860288228,-0.4164552187,0.3483202245,0.8561164462,11.68948276,0.5349201957,-3.349373395
A8_coho_temperature_plus_flow,A8,secondary_combined_model,a3_rows,Coho,total_adults,log1p,29,z_log_matched_flow_cfs,0.1670368773,0.1818070588,-0.2066728843,0.5407466389,0.3666669966,3.874287523,0.3982228711,18.17978461
